0,tcp,http,OTH,592,0,0,0,0,8,59,0,0,0,0,1,0,0.86,8,50,1,0,0.29,0.84,0,0,0,0,Normal
0,tcp,http,OTH,440,0,0,0,0,118,108,0,0,0,0,0.48,0.52,0.47,44,39,0.45,0.55,0,0.49,0,0,0,0,Normal
0,tcp,other,OTH,66,0,0,0,0,21,492,0,0,0,0,1,0,0.96,2,76,1,0,0.14,0.97,0,0,0,0,Normal
0,tcp,other,OTH,74,0,0,0,0,7,3,0,0,0,0,0.29,0.71,0.33,7,3,0.29,0.71,0,0.33,0,0,0,0,Normal
0,icmp,eco_i,SF,60,0,0,0,0,34714,34109,0,0,0,0,0.98,0.02,0,52,52,1,0,0.98,0,0,0,0,0,Normal
0,tcp,other,OTH,66,0,0,0,0,2,93,0,0,0,0,1,0,0.98,2,27,1,0,0.07,0.93,0,0,0,0,Normal
0,tcp,other,OTH,66,0,0,0,0,36,90,0,0,0,0,1,0,0.6,33,84,1,0,0.45,0.61,0,0,0,0,Normal
0,tcp,http,OTH,456,0,0,0,0,23,12,0,0,0,0,0.35,0.65,0.33,23,12,0.35,0.65,0.23,0.33,0,0,0,0,Normal
0,tcp,http,OTH,290,0,0,0,0,29,118,0,0,0,0,1,0,0.75,25,67,1,0,0.37,0.63,0,0,0,0,Normal
0,tcp,http,OTH,409,0,0,0,0,281,381,0,0,0,0,0.85,0.15,0.37,66,90,0.91,0.09,0.03,0.33,0,0,0,0,Normal
0,tcp,other,S1,74,0,0,0,0,1,459,0,0.06,0,0,1,0,1,1,93,1,0,0.98,0.99,0,0.19,0,0,Normal
0,tcp,other,OTH,101,0,0,0,0,5,23,0,0,0,0,1,0,0.78,5,23,1,0,0.21,0.78,0,0,0,0,Normal
0,tcp,http,OTH,409,0,0,0,0,83,81,0,0,0,0,0.6,0.4,0.38,62,59,0.61,0.39,0.07,0.36,0,0,0,0,Normal
0,tcp,http,OTH,292,0,0,0,0,57,208,0,0,0,0,1,0,0.73,24,70,1,0,0.45,0.66,0,0,0,0,Normal
0,tcp,other,OTH,101,0,0,0,0,92,159,0,0,0,0,0.72,0.28,0.58,19,34,0.47,0.53,0.26,0.74,0,0,0,0,Normal
0,icmp,eco_i,SF,60,0,0,0,0,8175,7745,0,0,0,0,0.95,0.05,0,53,53,1,0,0.98,0,0,0,0,0,Normal
0,tcp,other,OTH,66,0,0,0,0,57,92,0,0,0,0,0.95,0.05,0.41,57,92,0.95,0.05,0.03,0.41,0,0,0,0,Normal
0,tcp,other,OTH,1176,0,0,0,0,130,245,0,0,0,0,1,0,0.47,31,59,1,0,0.52,0.47,0,0,0,0,Normal
0,udp,other,SF,68,0,0,0,0,1074,214,0,0.04,0,0,0.1,0.9,0.49,56,89,0.89,0.11,0.94,0.44,0,0.1,0,0,Normal
0,tcp,http,OTH,456,0,0,0,0,3,4,0,0,0,0,1,0,0.25,3,4,1,0,0,0.25,0,0,0,0,Normal
0,tcp,other,OTH,66,0,0,0,0,71,178,0,0,0,0,1,0,0.6,32,83,1,0,0.42,0.61,0,0,0,0,Normal
0,tcp,other,RSTO,128,74,0,0,0,2,257,0.5,0.04,0,0,1,0,0.99,2,98,1,0,0,0.98,0.5,0.09,0,0,Normal
0,tcp,other,OTH,66,0,0,0,0,271,156,0,0,0,0,0.2,0.8,0.65,57,16,0.12,0.88,0.24,0.56,0,0,0,0,Normal
0,tcp,other,OTH,54,0,0,0,0,4,48,0,0,0,0,1,0,0.92,1,35,1,0,0.44,0.97,0,0,0,0,Normal
0,tcp,http,OTH,592,0,0,0,0,34,95,0,0,0,0,1,0,0.64,34,82,1,0,0.41,0.59,0,0,0,0,Normal
0,tcp,other,OTH,74,0,0,0,0,65,42,0,0,0,0,0.14,0.86,0.79,52,14,0.1,0.9,0.13,0.64,0,0,0,0,Normal
0,tcp,private,OTH,60,0,0,0,0,371,14,0,0,0,0,0.02,0.98,0.36,57,1,0,1,0.5,1,0,0,0,0,Normal
0,tcp,other,OTH,66,0,0,0,0,186,193,0,0,0,0,0.62,0.38,0.4,52,59,0.63,0.37,0,0.44,0,0,0,0,Normal
0,tcp,other,OTH,66,0,0,0,0,158,92,0,0,0,0,0.31,0.69,0.47,59,26,0.25,0.75,0,0.42,0,0,0,0,Normal
0,tcp,http,OTH,297,0,0,0,0,1,139,0,0,0,0,1,0,0.99,1,89,1,0,0.3,0.99,0,0,0,0,Normal
0,tcp,other,OTH,66,0,0,0,0,183,226,0,0,0,0,0.76,0.24,0.38,59,77,0.83,0.17,0.01,0.36,0,0,0,0,Normal
0,tcp,other,OTH,132,0,0,0,0,3,64,0,0,0,0,1,0,0.95,3,42,1,0,0.74,0.93,0,0,0,0,Normal
0,tcp,other,OTH,66,0,0,0,0,2,306,0,0,0,0,1,0,0.99,2,67,1,0,0.01,0.97,0,0,0,0,Normal
0,tcp,other,OTH,66,0,0,0,0,151,198,0,0,0,0,0.81,0.19,0.38,53,71,0.77,0.23,0.01,0.42,0,0,0,0,Normal
0,icmp,ecr_i,SF,42,0,0,0,0,0,42081,0,0,0,0,0,0,1,0,49,0,0,0.98,1,0,0,0,0,Normal
0,tcp,other,OTH,66,0,0,0,0,14,53,0,0,0,0,1,0,0.74,7,30,1,0,0.35,0.77,0,0,0,0,Normal
0,tcp,other,OTH,54,0,0,0,0,5,102,0,0,0,0,1,0,0.95,5,67,1,0,0.53,0.93,0,0,0,0,Normal
0,tcp,other,OTH,125,0,0,0,0,134,112,0,0,0,0,0.14,0.86,0.83,38,50,0.21,0.79,0,0.84,0,0,0,0,Normal
0,tcp,other,OTH,66,0,0,0,0,18,27,0,0,0,0,0.5,0.5,0.67,18,27,0.5,0.5,0.04,0.67,0,0,0,0,Normal
0,tcp,http,OTH,232,0,0,0,0,30,469,0,0,0,0,1,0,0.94,9,80,1,0,0.41,0.89,0,0,0,0,Normal
0,tcp,other,OTH,66,0,0,0,0,130,134,0,0,0,0,0.62,0.38,0.4,54,40,0.48,0.52,0.02,0.35,0,0,0,0,Normal
0,icmp,ecr_i,SF,42,0,0,0,0,0,33943,0,0,0,0,0,0,1,0,47,0,0,0.98,1,0,0,0,0,Normal
0,udp,other,SF,818,221,0,0,0,365,135,0.01,0.01,0,0,0.18,0.82,0.5,56,20,0.14,0.86,0.67,0.6,0.09,0.1,0,0,Normal
0,tcp,http,OTH,456,0,0,0,0,288,395,0,0,0,0,0.84,0.16,0.39,63,84,0.89,0.11,0,0.33,0,0,0,0,Normal
0,tcp,http,OTH,456,0,0,0,0,353,387,0,0,0,0,0.68,0.32,0.38,53,47,0.53,0.47,0,0.4,0,0,0,0,Normal
0,tcp,other,OTH,60,0,0,0,0,234,244,0,0,0,0,0.36,0.64,0.65,39,67,0.46,0.54,0.25,0.73,0,0,0,0,Normal
0,udp,other,SF,68,0,0,0,0,259,198,0,0.03,0,0,0.36,0.64,0.53,64,62,0.58,0.42,0.86,0.4,0,0.08,0,0,Normal
0,tcp,other,OTH,66,0,0,0,0,104,292,0,0,0,0,0.92,0.08,0.67,34,82,1,0,0.42,0.59,0,0,0,0,Normal
0,tcp,http,OTH,232,0,0,0,0,3,133,0,0,0,0,1,0,0.98,3,70,1,0,0.42,0.96,0,0,0,0,Normal
0,tcp,other,OTH,66,0,0,0,0,15,268,0,0,0,0,1,0,0.94,3,76,1,0,0.38,0.96,0,0,0,0,Normal
0,tcp,other,OTH,66,0,0,0,0,40,195,0,0,0,0,1,0,0.79,10,50,1,0,0.2,0.8,0,0,0,0,Normal
0,tcp,other,OTH,66,0,0,0,0,68,72,0,0,0,0,0.6,0.4,0.43,50,60,0.66,0.34,0.02,0.45,0,0,0,0,Normal
0,tcp,private,OTH,60,0,0,0,0,153,26,0,0,0,0,0.16,0.84,0.08,50,10,0.2,0.8,0.91,0,0,0,0,0,Normal
0,icmp,ecr_i,SF,42,0,0,0,0,0,33304,0,0,0,0,0,0,1,0,49,0,0,0.98,1,0,0,0,0,Normal
0,tcp,other,OTH,474,0,0,0,0,302,167,0,0,0,0,0.28,0.72,0.5,74,67,0.59,0.41,0.1,0.34,0,0,0,0,Normal
0,icmp,eco_i,SF,60,0,0,0,0,51777,50915,0,0,0,0,0.98,0.02,0,51,51,1,0,0.98,0,0,0,0,0,Normal
0,tcp,other,OTH,66,0,0,0,0,112,97,0,0,0,0,0.5,0.5,0.42,50,53,0.6,0.4,0.02,0.43,0,0,0,0,Normal
0,tcp,private,OTH,96,0,0,0,0,90,23,0,0,0,0,0.03,0.97,0.87,48,5,0.02,0.98,0,0.8,0,0,0,0,Normal
0,tcp,http,OTH,290,0,0,0,0,76,239,0,0,0,0,1,0,0.68,25,63,1,0,0.44,0.6,0,0,0,0,Normal
0,tcp,other,OTH,66,0,0,0,0,78,37,0,0,0,0,0.21,0.79,0.57,51,23,0.18,0.82,0.04,0.61,0,0,0,0,Normal
0,tcp,http,OTH,290,0,0,0,0,76,260,0,0,0,0,1,0,0.71,6,53,1,0,0.33,0.89,0,0,0,0,Normal
0,tcp,other,OTH,132,0,0,0,0,248,105,0,0,0,0,0.21,0.79,0.51,57,16,0.19,0.81,0.65,0.31,0,0,0,0,Normal
0,tcp,other,S1,74,0,0,0,0,0,239,0,0,0,0,0,0,1,0,54,0,0,0.47,1,0,0.02,0,0,Normal
0,tcp,other,S1,74,0,0,0,0,0,163,0,0.03,0,0,0,0,1,0,44,0,0,0.87,1,0,0.11,0,0,Normal
0,tcp,other,OTH,66,0,0,0,0,195,521,0,0,0,0,1,0,0.63,40,99,1,0,0.4,0.6,0,0,0,0,Normal
0,tcp,http,OTH,290,0,0,0,0,87,264,0,0,0,0,1,0,0.67,15,47,1,0,0.48,0.68,0,0,0,0,Normal
0,icmp,eco_i,SF,60,0,0,0,0,75495,74470,0,0,0,0,0.99,0.01,0,53,53,1,0,0.98,0,0,0,0,0,Normal
0,icmp,oth_i,SF,1180,0,0,0,0,282,1,0,0,0,0,0,1,0,13,1,0.08,0.92,0.5,0,0,0,0,0,Normal
0,tcp,other,OTH,66,0,0,0,0,2,99,0,0,0,0,1,0,0.98,2,74,1,0,0.96,0.97,0,0,0,0,Normal
0,tcp,other,OTH,162,0,0,0,0,1,123,0,0,0,0,1,0,0.99,0,34,0,0,0,1,0,0,0,0,Normal
0,tcp,http,OTH,456,0,0,0,0,388,483,0,0,0,0,0.78,0.22,0.37,58,92,0.93,0.07,0.02,0.41,0,0,0,0,Normal
0,tcp,other,OTH,66,0,0,0,0,357,576,0,0,0,0,0.68,0.32,0.58,64,92,0.91,0.09,0.87,0.37,0,0,0,0,Normal
0,tcp,http,OTH,456,0,0,0,0,448,569,0,0,0,0,0.5,0.5,0.6,53,58,0.45,0.55,0,0.59,0,0,0,0,Normal
0,tcp,other,OTH,66,0,0,0,0,14,2,0,0,0,0,0.07,0.93,0.5,14,2,0.07,0.93,0.33,0.5,0,0,0,0,Normal
0,tcp,http,OTH,290,0,0,0,0,14,61,0,0,0,0,1,0,0.77,14,52,1,0,0.4,0.73,0,0,0,0,Normal
0,tcp,other,OTH,66,0,0,0,0,4,33,0,0,0,0,1,0,0.88,4,33,1,0,0.38,0.88,0,0,0,0,Normal
0,icmp,ecr_i,SF,42,0,0,0,0,0,39794,0,0,0,0,0,0,1,0,47,0,0,0.98,1,0,0,0,0,Normal
0,icmp,ecr_i,SF,42,0,0,0,0,0,15729,0,0,0,0,0,0,1,0,51,0,0,0.98,1,0,0,0,0,Normal
0,tcp,other,OTH,66,0,0,0,0,0,148,0,0,0,0,0,0,1,0,16,0,0,0.41,1,0,0,0,0,Normal
0,icmp,ecr_i,SF,42,0,0,0,0,0,56957,0,0,0,0,0,0,1,0,48,0,0,0.98,1,0,0,0,0,Normal
0,tcp,http,OTH,238,0,0,0,0,23,189,0,0,0,0,1,0,0.88,4,72,1,0,0.45,0.94,0,0,0,0,Normal
0,icmp,eco_i,SF,60,0,0,0,0,25377,24887,0,0,0,0,0.98,0.02,0,52,52,1,0,0.98,0,0,0,0,0,Normal
0,tcp,other,S1,642,74,0,0,0,0,386,0,0,0,0,0,0,1,0,66,0,0,0,1,0,0.02,0,0,Normal
0,udp,other,SF,3367,213,0,0,0,338,295,0,0.01,0,0,0.29,0.71,0.67,50,30,0.26,0.74,0.55,0.57,0,0.1,0,0,Normal
0,icmp,ecr_i,SF,42,0,0,0,0,0,23919,0,0,0,0,0,0,1,0,48,0,0,0.98,1,0,0,0,0,Normal
0,tcp,other,OTH,66,0,0,0,0,36,105,0,0,0,0,1,0,0.66,26,76,1,0,0.35,0.66,0,0,0,0,Normal
0,tcp,other,OTH,101,0,0,0,0,3,16,0,0,0,0,1,0,0.81,3,16,1,0,0.18,0.81,0,0,0,0,Normal
0,tcp,other,OTH,892,0,0,0,0,0,207,0,0,0,0,0,0,1,0,11,0,0,0.08,1,0,0,0,0,Normal
0,tcp,other,OTH,66,0,0,0,0,9,140,0,0,0,0,1,0,0.94,9,77,1,0,0.41,0.88,0,0,0,0,Normal
0,tcp,http,OTH,232,0,0,0,0,3,342,0,0,0,0,1,0,0.99,1,83,1,0,0.42,0.99,0,0,0,0,Normal
0,icmp,eco_i,SF,60,0,0,0,0,3301,3024,0,0,0,0,0.92,0.08,0,49,49,1,0,0.98,0,0,0,0,0,Normal
0,icmp,ecr_i,SF,42,0,0,0,0,0,15080,0,0,0,0,0,0,1,0,49,0,0,0.98,1,0,0,0,0,Normal
0,icmp,ecr_i,SF,42,0,0,0,0,0,19108,0,0,0,0,0,0,1,0,47,0,0,0.98,1,0,0,0,0,Normal
0,icmp,eco_i,SF,60,0,0,0,0,77435,76534,0,0,0,0,0.99,0.01,0,51,49,0.96,0.04,0.98,0,0,0,0,0,Normal
0,udp,other,SF,8173,1714,0,0,0,480,449,0,0.01,0,0,0.34,0.66,0.63,36,97,1,0,0.98,0.63,0,0.06,0,0,Normal
0,tcp,http,OTH,456,0,0,0,0,86,82,0,0,0,0,0.55,0.45,0.43,52,50,0.56,0.44,0.12,0.42,0,0,0,0,Normal
0,tcp,private,OTH,204,0,0,0,0,0,16,0,0,0,0,0,0,1,0,3,0,0,0.25,1,0,0,0,0,Normal
0,tcp,other,OTH,66,0,0,0,0,4,117,0,0,0,0,1,0,0.97,3,16,1,0,0.41,0.81,0,0,0,0,Normal
0,tcp,other,OTH,66,0,0,0,0,300,364,0,0,0,0,0.75,0.25,0.38,57,77,0.82,0.18,0.03,0.39,0,0,0,0,Normal
0,tcp,other,OTH,66,0,0,0,0,75,185,0,0,0,0,1,0,0.59,33,74,1,0,0.44,0.55,0,0,0,0,Normal
0,tcp,http,OTH,1572,0,0,0,0,200,217,0,0,0,0,0.68,0.32,0.37,54,63,0.7,0.3,0.09,0.4,0,0,0,0,Normal
0,tcp,other,OTH,66,0,0,0,0,134,83,0,0,0,0,0.38,0.62,0.39,54,33,0.35,0.65,0.03,0.42,0,0,0,0,Normal
0,tcp,http,OTH,290,0,0,0,0,96,241,0,0,0,0,1,0,0.6,12,32,1,0,0.36,0.62,0,0,0,0,Normal
0,tcp,other,OTH,96,0,0,0,0,0,52,0,0,0,0,0,0,1,0,41,0,0,0.24,1,0,0,0,0,Normal
0,tcp,other,OTH,66,0,0,0,0,17,8,0,0,0,0,0.47,0.53,0,17,8,0.47,0.53,0,0,0,0,0,0,Normal
0,udp,other,SF,6392,5678,0,0,0,0,475,0,0,0,0,0,0,1,0,44,0,0,0.76,1,0,0,0,0,Normal
0,icmp,ecr_i,SF,42,0,0,0,0,0,15919,0,0,0,0,0,0,1,0,49,0,0,0.98,1,0,0,0,0,Normal
0,tcp,http,OTH,409,0,0,0,0,352,402,0,0,0,0,0.66,0.34,0.42,66,57,0.56,0.44,0.07,0.35,0,0,0,0,Normal
0,icmp,eco_i,SF,60,0,0,0,0,45432,44691,0,0,0,0,0.98,0.02,0,53,53,1,0,0.98,0,0,0,0,0,Normal
0,tcp,http,OTH,290,0,0,0,0,54,182,0,0,0,0,1,0,0.7,27,56,1,0,0.47,0.52,0,0,0,0,Normal
0,tcp,http,OTH,456,0,0,0,0,438,604,0,0,0,0,0.81,0.19,0.41,56,72,0.79,0.21,0.05,0.39,0,0,0,0,Normal
0,icmp,eco_i,SF,60,0,0,0,0,83963,83288,0,0,0,0,0.99,0.01,0,52,52,1,0,0.98,0,0,0,0,0,Normal
0,icmp,eco_i,SF,60,0,0,0,0,11100,10747,0,0,0,0,0.97,0.03,0,54,54,1,0,0.98,0,0,0,0,0,Normal
0,tcp,other,OTH,66,0,0,0,0,26,65,0,0,0,0,1,0,0.6,13,33,1,0,0.41,0.61,0,0,0,0,Normal
0,icmp,eco_i,SF,60,0,0,0,0,46515,45987,0,0,0,0,0.99,0.01,0,49,48,0.98,0.02,0.98,0,0,0,0,0,Normal
0,tcp,other,OTH,60,0,0,0,0,295,352,0,0,0,0,0.46,0.54,0.61,46,47,0.3,0.7,0.19,0.7,0,0,0,0,Normal
0,tcp,http,OTH,290,0,0,0,0,49,138,0,0,0,0,1,0,0.64,39,97,1,0,0.4,0.6,0,0,0,0,Normal
0,tcp,other,OTH,66,0,0,0,0,158,209,0,0,0,0,0.8,0.2,0.4,55,100,1,0,0,0.45,0,0,0,0,Normal
0,tcp,other,OTH,2838,0,0,0,0,171,133,0,0,0,0,0.37,0.63,0.52,60,31,0.3,0.7,0.31,0.42,0,0,0,0,Normal
0,tcp,other,OTH,66,0,0,0,0,0,7,0,0,0,0,0,0,1,0,7,0,0,0.12,1,0,0,0,0,Normal
0,tcp,http,OTH,232,0,0,0,0,48,306,0,0,0,0,1,0,0.84,16,63,1,0,0.42,0.75,0,0,0,0,Normal
0,tcp,http,OTH,409,0,0,0,0,47,47,0,0,0,0,0.62,0.38,0.38,47,47,0.62,0.38,0,0.38,0,0,0,0,Normal
0,tcp,other,OTH,66,0,0,0,0,113,173,0,0,0,0,0.81,0.19,0.47,49,98,0.96,0.04,0,0.52,0,0,0,0,Normal
0,tcp,other,OTH,66,0,0,0,0,44,24,0,0,0,0,0.32,0.68,0.42,44,24,0.32,0.68,0.04,0.42,0,0,0,0,Normal
0,tcp,private,OTH,66,0,0,0,0,276,49,0,0,0,0,0.14,0.86,0.18,62,7,0.1,0.9,0.5,0.14,0,0,0,0,Normal
0,tcp,http,OTH,456,0,0,0,0,216,250,0,0,0,0,0.67,0.33,0.42,56,84,0.89,0.11,0,0.4,0,0,0,0,Normal
0,tcp,http,OTH,290,0,0,0,0,10,57,0,0,0,0,1,0,0.82,10,31,1,0,0.31,0.68,0,0,0,0,Normal
0,tcp,other,OTH,129,0,0,0,0,0,117,0,0,0,0,0,0,1,0,46,0,0,0,1,0,0,0,0,Normal
0,tcp,other,OTH,66,0,0,0,0,77,127,0,0,0,0,0.87,0.13,0.47,50,85,0.9,0.1,0.01,0.47,0,0,0,0,Normal
0,udp,other,SF,9555,4245,0,0,0,389,264,0,0,0,0,0.28,0.72,0.59,53,21,0.17,0.83,0.55,0.57,0,0.05,0,0,Normal
0,tcp,other,OTH,66,0,0,0,0,350,368,0,0,0,0,0.64,0.36,0.39,56,11,0.18,0.82,0.17,0.09,0,0,0,0,Normal
0,tcp,http,OTH,283,0,0,0,0,136,64,0,0,0,0,0.28,0.72,0.41,55,30,0.33,0.67,0.13,0.4,0,0,0,0,Normal
0,tcp,other,OTH,66,0,0,0,0,112,1228,0,0,0,0,1,0,0.91,24,87,1,0,0.43,0.72,0,0,0,0,Normal
0,tcp,http,OTH,290,0,0,0,0,20,53,0,0,0,0,1,0,0.62,20,53,1,0,0.44,0.62,0,0,0,0,Normal
0,tcp,other,OTH,74,0,0,0,0,65,31,0,0,0,0,0.25,0.75,0.48,57,29,0.26,0.74,0.67,0.48,0,0,0,0,Normal
0,tcp,http,OTH,290,0,0,0,0,22,51,0,0,0,0,1,0,0.57,22,51,1,0,0.44,0.57,0,0,0,0,Normal
0,tcp,other,OTH,66,0,0,0,0,21,23,0,0,0,0,0.62,0.38,0.43,21,23,0.62,0.38,0.04,0.43,0,0,0,0,Normal
0,icmp,ecr_i,SF,42,0,0,0,0,0,43002,0,0,0,0,0,0,1,0,49,0,0,0.98,1,0,0,0,0,Normal
0,tcp,other,OTH,66,0,0,0,0,47,122,0,0,0,0,1,0,0.61,24,60,1,0,0.43,0.6,0,0,0,0,Normal
0,icmp,eco_i,SF,60,0,0,0,0,70852,70056,0,0,0,0,0.99,0.01,0,50,50,1,0,0.98,0,0,0,0,0,Normal
0,tcp,http,OTH,290,0,0,0,0,5,11,0,0,0,0,1,0,0.55,5,11,1,0,0.42,0.55,0,0,0,0,Normal
0,tcp,http,OTH,456,0,0,0,0,223,339,0,0,0,0,0.88,0.12,0.42,57,94,0.96,0.04,0,0.41,0,0,0,0,Normal
0,tcp,other,OTH,66,0,0,0,0,157,181,0,0,0,0,0.71,0.29,0.39,60,91,0.92,0.08,0.01,0.4,0,0,0,0,Normal
0,udp,other,SF,9545,2626,0,0,0,348,133,0,0.01,0,0,0.19,0.81,0.5,57,49,0.47,0.53,0.68,0.45,0,0.02,0,0,Normal
0,tcp,private,OTH,162,0,0,0,0,1,10,0,0,0,0,1,0,0.9,1,6,1,0,0.71,0.83,0,0,0,0,Normal
0,icmp,eco_i,SF,60,0,0,0,0,28045,27524,0,0,0,0,0.98,0.02,0,48,47,0.98,0.02,0.98,0,0,0,0,0,Normal
0,tcp,other,OTH,66,0,0,0,0,0,1,0,0,0,0,0,0,1,0,1,0,0,0,1,0,0,0,0,Normal
0,tcp,other,OTH,66,0,0,0,0,220,631,0,0,0,0,1,0,0.65,29,85,1,0,0.34,0.66,0,0,0,0,Normal
0,icmp,eco_i,SF,60,0,0,0,0,31213,30870,0,0,0,0,0.99,0.01,0,50,50,1,0,0.98,0,0,0,0,0,Normal
0,tcp,other,OTH,66,0,0,0,0,256,836,0,0,0,0,1,0,0.69,37,89,1,0,0.41,0.58,0,0,0,0,Normal
0,tcp,other,OTH,60,0,0,0,0,53,89,0,0,0,0,0.57,0.43,0.66,39,82,0.74,0.26,0.25,0.65,0,0,0,0,Normal
0,tcp,http,OTH,290,0,0,0,0,125,447,0,0,0,0,1,0,0.72,31,87,1,0,0.41,0.64,0,0,0,0,Normal
0,tcp,http,OTH,456,0,0,0,0,53,51,0,0,0,0,0.55,0.45,0.43,49,49,0.55,0.45,0,0.45,0,0,0,0,Normal
0,tcp,other,OTH,66,0,0,0,0,83,59,0,0,0,0,0.23,0.77,0.68,52,50,0.33,0.67,0,0.66,0,0,0,0,Normal
0,tcp,http,OTH,456,0,0,0,0,38,66,0,0,0,0,0.97,0.03,0.44,38,66,0.97,0.03,0,0.44,0,0,0,0,Normal
0,tcp,http,OTH,290,0,0,0,0,107,508,0,0,0,0,1,0,0.79,24,80,1,0,0.35,0.7,0,0,0,0,Normal
0,tcp,other,OTH,66,0,0,0,0,182,186,0,0,0,0,0.62,0.38,0.4,61,63,0.67,0.33,0.05,0.35,0,0,0,0,Normal
0,icmp,ecr_i,SF,42,0,0,0,0,0,44722,0,0,0,0,0,0,1,0,50,0,0,0.98,1,0,0,0,0,Normal
0,icmp,eco_i,SF,60,0,0,0,0,64135,63458,0,0,0,0,0.99,0.01,0,51,51,1,0,0.98,0,0,0,0,0,Normal
0,tcp,other,OTH,86,0,0,0,0,291,153,0,0,0,0,0.24,0.76,0.54,55,13,0.15,0.85,0.79,0.38,0,0,0,0,Normal
0,tcp,other,OTH,54,0,0,0,0,4,31,0,0,0,0,1,0,0.87,1,17,1,0,0.5,0.94,0,0,0,0,Normal
0,tcp,http,OTH,290,0,0,0,0,3,136,0,0,0,0,1,0,0.98,3,90,1,0,0.44,0.97,0,0,0,0,Normal
0,udp,other,SF,5533,9829,0,0,0,1,242,0,0.01,0,0,1,0,1,1,78,1,0,0.86,0.99,0,0.04,0,0,Normal
0,tcp,other,OTH,66,0,0,0,0,225,268,0,0,0,0,0.69,0.31,0.42,55,81,0.78,0.22,0,0.47,0,0,0,0,Normal
0,tcp,http,OTH,613,0,0,0,0,53,69,0,0,0,0,0.85,0.15,0.35,53,69,0.85,0.15,0,0.35,0,0,0,0,Normal
0,tcp,other,OTH,66,0,0,0,0,70,255,0,0,0,0,1,0,0.73,16,65,1,0,0.36,0.75,0,0,0,0,Normal
0,tcp,other,OTH,66,0,0,0,0,161,120,0,0,0,0,0.35,0.65,0.53,49,48,0.39,0.61,0.06,0.6,0,0,0,0,Normal
0,tcp,other,OTH,66,0,0,0,0,96,102,0,0,0,0,0.59,0.41,0.44,50,46,0.54,0.46,0.02,0.41,0,0,0,0,Normal
0,udp,other,SF,68,0,0,0,0,0,452,0,0,0,0,0,0,1,0,79,0,0,0.89,1,0,0.03,0,0,Normal
0,tcp,other,OTH,66,0,0,0,0,19,79,0,0,0,0,0.11,0.89,0.97,15,35,0.13,0.87,0.06,0.94,0,0,0,0,Normal
0,udp,other,SF,71,0,0,0,0,251,163,0,0,0,0,0.27,0.73,0.58,51,39,0.29,0.71,0.2,0.62,0,0,0,0,Normal
0,tcp,other,OTH,66,0,0,0,0,175,222,0,0,0,0,0.71,0.29,0.44,55,83,0.85,0.15,0.06,0.43,0,0,0,0,Normal
0,tcp,http,OTH,290,0,0,0,0,49,144,0,0,0,0,1,0,0.66,18,62,1,0,0.35,0.71,0,0,0,0,Normal
0,tcp,other,OTH,1514,0,0,0,0,179,382,0,0,0,0,0.74,0.26,0.65,26,48,1,0,0.53,0.46,0,0,0,0,Normal
0,tcp,other,OTH,66,0,0,0,0,14,274,0,0,0,0,0.86,0.14,0.96,12,82,1,0,0.45,0.85,0,0,0,0,Normal
0,udp,other,SF,8353,2485,0,0,0,219,75,0,0,0,0,0.16,0.84,0.52,54,14,0.11,0.89,0.2,0.57,0,0,0,0,Normal
0,tcp,private,RSTO,330,74,0,0,0,1,45,0,0.04,0,0,1,0,0.98,1,6,1,0,0.57,0.83,0,0.33,0,0,Normal
0,tcp,other,OTH,66,0,0,0,0,87,117,0,0,0,0,0.72,0.28,0.46,48,62,0.69,0.31,0.08,0.47,0,0,0,0,Normal
0,icmp,eco_i,SF,60,0,0,0,0,32842,32198,0,0,0,0,0.98,0.02,0,51,51,1,0,0.98,0,0,0,0,0,Normal
0,tcp,other,S1,74,0,0,0,0,0,323,0,0.02,0,0,0,0,1,0,85,0,0,0.94,1,0,0.06,0,0,Normal
0,udp,other,SF,5176,0,0,0,0,1,470,1,0,0,0,1,0,1,1,50,1,0,0.33,0.98,1,0.02,0,0,Normal
0,tcp,other,OTH,54,0,0,0,0,5,165,0,0,0,0,1,0,0.97,2,14,1,0,0.4,0.86,0,0,0,0,Normal
0,tcp,other,RSTO,330,74,0,0,0,0,466,0,0.03,0,0,0,0,1,0,95,0,0,0.93,1,0,0.15,0,0,Normal
0,tcp,other,OTH,66,0,0,0,0,95,116,0,0,0,0,0.79,0.21,0.35,61,72,0.82,0.18,0.04,0.31,0,0,0,0,Normal
0,tcp,http,OTH,592,0,0,0,0,23,61,0,0,0,0,1,0,0.62,23,61,1,0,0.39,0.62,0,0,0,0,Normal
0,udp,other,SF,7921,13104,0,0,0,1,228,0,0.01,0,0,1,0,1,1,49,1,0,0.76,0.98,0,0.04,0,0,Normal
0,tcp,private,OTH,162,0,0,0,0,1,1,0,0,0,0,1,0,0,0,0,0,0,0,0,0,0,0,0,Normal
0,tcp,other,OTH,66,0,0,0,0,612,922,0,0,0,0,0.88,0.12,0.42,52,97,0.98,0.02,0,0.47,0,0,0,0,Normal
0,tcp,other,OTH,66,0,0,0,0,296,310,0,0,0,0,0.51,0.49,0.51,56,53,0.54,0.46,0.13,0.43,0,0,0,0,Normal
0,tcp,http,OTH,456,0,0,0,0,15282,15371,0,0,0,0,1,0,0.01,100,100,1,0,0,0,0,0,0,0,Normal
0,tcp,other,OTH,1514,0,0,0,0,143,146,0,0,0,0,0.55,0.45,0.46,37,30,0.41,0.59,0.48,0.5,0,0,0,0,Normal
0,icmp,eco_i,SF,60,0,0,0,0,22253,21469,0,0,0,0,0.96,0.04,0,52,52,1,0,0.98,0,0,0,0,0,Normal
0,udp,other,SF,3882,1294,0,0,0,1,420,0,0.02,0,0,1,0,1,1,72,1,0,0.84,0.99,0,0.1,0,0,Normal
0,tcp,http,OTH,290,0,0,0,0,52,240,0,0,0,0,1,0,0.78,15,73,1,0,0.36,0.79,0,0,0,0,Normal
0,icmp,eco_i,SF,60,0,0,0,0,77773,76817,0,0,0,0,0.99,0.01,0,48,48,1,0,0.98,0,0,0,0,0,Normal
0,tcp,http,OTH,290,0,0,0,0,42,107,0,0,0,0,1,0,0.61,25,57,1,0,0.43,0.56,0,0,0,0,Normal
0,tcp,other,OTH,66,0,0,0,0,15,179,0,0,0,0,1,0,0.92,3,25,1,0,0.31,0.88,0,0,0,0,Normal
0,icmp,eco_i,SF,60,0,0,0,0,33541,32995,0,0,0,0,0.98,0.02,0,51,51,1,0,0.98,0,0,0,0,0,Normal
0,tcp,other,OTH,66,0,0,0,0,2,129,0,0,0,0,1,0,0.98,2,47,1,0,0,0.96,0,0,0,0,Normal
0,tcp,private,OTH,430,0,0,0,0,217,31,0,0,0,0,0.07,0.93,0.52,63,9,0.11,0.89,0.5,0.22,0,0,0,0,Normal
0,tcp,other,OTH,66,0,0,0,0,305,89,0,0,0,0,0.11,0.89,0.61,57,54,0.35,0.65,0,0.63,0,0,0,0,Normal
0,tcp,other,OTH,565,0,0,0,0,116,147,0,0,0,0,0.55,0.45,0.56,44,24,0.14,0.86,0.24,0.75,0,0,0,0,Normal
0,tcp,http,OTH,613,0,0,0,0,1,1,0,0,0,0,1,0,0,1,1,1,0,0.5,0,0,0,0,0,Normal
0,tcp,other,OTH,98,0,0,0,0,169,112,0,0,0,0,0.31,0.69,0.54,57,19,0.16,0.84,0.15,0.53,0,0,0,0,Normal
0,udp,other,SF,3882,0,0,0,0,1,423,1,0.06,0,0,1,0,1,1,96,1,0,0.98,0.99,1,0.27,0,0,Normal
0,tcp,other,OTH,66,0,0,0,0,3,88,0,0,0,0,1,0,0.97,0,1,0,0,0,1,0,0,0,0,Normal
0,udp,other,SF,1722,0,0,0,0,0,233,0,0.02,0,0,0,0,1,0,48,0,0,0.9,1,0,0.08,0,0,Normal
0,tcp,other,OTH,66,0,0,0,0,290,241,0,0,0,0,0.51,0.49,0.39,62,59,0.58,0.42,0.02,0.39,0,0,0,0,Normal
0,udp,private,SF,1294,0,0,0,0,1,35,0,0.06,0,0,1,0,0.97,1,6,1,0,0.43,0.83,0,0.33,0,0,Normal
0,tcp,http,OTH,456,0,0,0,0,261,346,0,0,0,0,0.69,0.31,0.48,56,63,0.62,0.38,0.02,0.44,0,0,0,0,Normal
0,tcp,http,OTH,290,0,0,0,0,1,27,0,0,0,0,1,0,0.96,1,27,1,0,0.43,0.96,0,0,0,0,Normal
0,tcp,other,OTH,66,0,0,0,0,4,97,0,0,0,0,1,0,0.96,2,35,1,0,0.06,0.94,0,0,0,0,Normal
0,tcp,other,S1,74,0,0,0,0,1,346,0,0.03,0,0,1,0,1,1,93,1,0,0.91,0.99,0,0.1,0,0,Normal
0,tcp,http,OTH,440,0,0,0,0,220,270,0,0,0,0,0.69,0.31,0.44,55,82,0.84,0.16,0.07,0.44,0,0,0,0,Normal
0,tcp,http,OTH,456,0,0,0,0,147,177,0,0,0,0,0.74,0.26,0.38,60,81,0.8,0.2,0,0.41,0,0,0,0,Normal
0,tcp,other,OTH,66,0,0,0,0,269,373,0,0,0,0,0.87,0.13,0.37,61,92,0.93,0.07,0.05,0.38,0,0,0,0,Normal
0,icmp,eco_i,SF,60,0,0,0,0,56778,56220,0,0,0,0,0.99,0.01,0,50,50,1,0,0.98,0,0,0,0,0,Normal
0,tcp,other,RSTO,128,74,0,0,0,2,282,0.5,0.04,0,0,1,0,0.99,2,85,1,0,0,0.98,0.5,0.14,0,0,Normal
0,tcp,other,OTH,66,0,0,0,0,138,84,0,0,0,0,0.37,0.63,0.39,52,45,0.52,0.48,0,0.4,0,0,0,0,Normal
0,tcp,http,OTH,290,0,0,0,0,62,354,0,0,0,0,1,0,0.82,19,58,1,0,0.41,0.67,0,0,0,0,Normal
0,udp,other,SF,2326,1464,0,0,0,0,173,0,0.01,0,0,0,0,1,0,70,0,0,0.82,1,0,0.01,0,0,Normal
0,tcp,other,OTH,66,0,0,0,0,9,39,0,0,0,0,1,0,0.77,1,16,1,0,0.06,0.94,0,0,0,0,Normal
0,icmp,eco_i,SF,60,0,0,0,0,44239,43588,0,0,0,0,0.99,0.01,0,50,49,0.98,0.02,0.98,0,0,0,0,0,Normal
0,tcp,other,OTH,66,0,0,0,0,3,119,0,0,0,0,1,0,0.97,1,60,1,0,0.02,0.98,0,0,0,0,Normal
0,icmp,eco_i,SF,60,0,0,0,0,33251,32764,0,0,0,0,0.99,0.01,0,48,48,1,0,0.98,0,0,0,0,0,Normal
0,tcp,http,OTH,1764,0,0,0,0,992,1304,0,0,0,0,0.77,0.23,0.42,47,98,0.98,0.02,0.01,0.53,0,0,0,0,Normal
0,tcp,http,OTH,291,0,0,0,0,59,341,0,0,0,0,1,0,0.83,12,58,1,0,0.44,0.79,0,0,0,0,Normal
0,tcp,http,OTH,290,0,0,0,0,11,74,0,0,0,0,1,0,0.85,7,62,1,0,0.33,0.89,0,0,0,0,Normal
0,tcp,other,OTH,66,0,0,0,0,257,315,0,0,0,0,0.7,0.3,0.43,64,73,0.77,0.23,0,0.33,0,0,0,0,Normal
0,tcp,http,OTH,456,0,0,0,0,34,33,0,0,0,0,0.53,0.47,0.45,34,33,0.53,0.47,0,0.45,0,0,0,0,Normal
0,udp,other,SF,136,68,0,0,0,0,300,0,0.03,0,0,0,0,1,0,96,0,0,0.98,1,0,0.01,0,0,Normal
0,tcp,other,OTH,1514,0,0,0,0,44,69,0,0,0,0,0.61,0.39,0.61,30,56,0.87,0.13,0.46,0.54,0,0,0,0,Normal
0,tcp,http,OTH,290,0,0,0,0,59,158,0,0,0,0,1,0,0.63,40,94,1,0,0.44,0.57,0,0,0,0,Normal
0,udp,other,SF,7769,5460,0,0,0,1,136,1,0.02,0,0,1,0,0.99,1,31,1,0,0.62,0.97,1,0.1,0,0,Normal
0,icmp,eco_i,SF,60,0,0,0,0,36543,35875,0,0,0,0,0.98,0.02,0,49,49,1,0,0.98,0,0,0,0,0,Normal
0,tcp,http,OTH,290,0,0,0,0,31,79,0,0,0,0,1,0,0.61,18,45,1,0,0.39,0.6,0,0,0,0,Normal
0,tcp,other,OTH,66,0,0,0,0,167,212,0,0,0,0,0.79,0.21,0.38,60,98,0.98,0.02,0,0.4,0,0,0,0,Normal
0,icmp,ecr_i,SF,42,0,0,0,0,0,43573,0,0,0,0,0,0,1,0,52,0,0,0.98,1,0,0,0,0,Normal
0,tcp,other,OTH,66,0,0,0,0,133,79,0,0,0,0,0.35,0.65,0.41,52,43,0.48,0.52,0,0.42,0,0,0,0,Normal
0,tcp,other,OTH,66,0,0,0,0,23,24,0,0,0,0,0.61,0.39,0.42,23,24,0.61,0.39,0.04,0.42,0,0,0,0,Normal
0,tcp,other,S1,74,0,0,0,0,0,303,0,0.03,0,0,0,0,1,0,89,0,0,0.9,1,0,0.1,0,0,Normal
0,tcp,http,OTH,456,0,0,0,0,101,88,0,0,0,0,0.56,0.44,0.35,61,54,0.56,0.44,0.04,0.37,0,0,0,0,Normal
0,tcp,other,OTH,66,0,0,0,0,239,261,0,0,0,0,0.63,0.37,0.43,52,52,0.62,0.38,0.02,0.38,0,0,0,0,Normal
0,tcp,other,OTH,66,0,0,0,0,81,108,0,0,0,0,0.77,0.23,0.43,54,66,0.69,0.31,0,0.44,0,0,0,0,Normal
0,tcp,private,OTH,130,0,0,0,0,57,10,0,0,0,0,0.16,0.84,0.1,47,10,0.19,0.81,0.36,0.1,0,0,0,0,Normal
0,icmp,ecr_i,SF,42,0,0,0,0,0,9160,0,0,0,0,0,0,1,0,47,0,0,0.98,1,0,0,0,0,Normal
0,tcp,other,OTH,66,0,0,0,0,22,23,0,0,0,0,0.68,0.32,0.35,22,23,0.68,0.32,0,0.35,0,0,0,0,Normal
0,udp,other,SF,7178,283,0,0,0,342,200,0,0,0,0,0.3,0.7,0.49,70,44,0.44,0.56,0.8,0.3,0,0,0,0,Normal
0,udp,other,SF,3189,0,0,0,0,354,350,0,0.01,0,0,0.51,0.49,0.49,63,86,0.83,0.17,0.93,0.4,0,0.06,0,0,Normal
0,tcp,http,OTH,290,0,0,0,0,65,210,0,0,0,0,1,0,0.69,14,79,1,0,0.35,0.82,0,0,0,0,Normal
0,tcp,private,OTH,66,0,0,0,0,214,33,0,0,0,0,0.13,0.87,0.15,46,7,0.13,0.87,0.75,0.14,0,0,0,0,Normal
0,tcp,http,OTH,456,0,0,0,0,43,42,0,0,0,0,0.63,0.37,0.36,43,42,0.63,0.37,0.07,0.36,0,0,0,0,Normal
0,tcp,http,OTH,1572,0,0,0,0,203,245,0,0,0,0,0.7,0.3,0.42,56,74,0.73,0.27,0.07,0.45,0,0,0,0,Normal
0,tcp,other,OTH,66,0,0,0,0,231,274,0,0,0,0,0.68,0.32,0.42,50,89,0.94,0.06,0,0.47,0,0,0,0,Normal
0,tcp,other,OTH,66,0,0,0,0,533,671,0,0,0,0,0.75,0.25,0.4,51,51,0.57,0.43,0.02,0.43,0,0,0,0,Normal
0,tcp,other,OTH,74,0,0,0,0,41,32,0,0,0,0,0.44,0.56,0.44,41,32,0.44,0.56,0.21,0.44,0,0,0,0,Normal
0,tcp,http,OTH,290,0,0,0,0,18,47,0,0,0,0,1,0,0.62,18,47,1,0,0.38,0.62,0,0,0,0,Normal
0,tcp,other,OTH,2821,0,0,0,0,51,26,0,0,0,0,0.18,0.82,0.65,51,26,0.18,0.82,0.56,0.65,0,0,0,0,Normal
0,udp,other,SF,1624,4387,0,0,0,0,243,0,0.02,0,0,0,0,1,0,65,0,0,0.98,1,0,0.06,0,0,Normal
0,tcp,other,OTH,66,0,0,0,0,37,26,0,0,0,0,0.49,0.51,0.31,37,26,0.49,0.51,0,0.31,0,0,0,0,Normal
0,tcp,other,OTH,66,0,0,0,0,26,102,0,0,0,0,1,0,0.75,13,64,1,0,0.38,0.8,0,0,0,0,Normal
0,tcp,other,OTH,1514,0,0,0,0,75,101,0,0,0,0,0.67,0.33,0.5,19,13,0.21,0.79,0.29,0.69,0,0,0,0,Normal
0,icmp,eco_i,SF,60,0,0,0,0,2771,2454,0,0,0,0,0.89,0.11,0,53,52,0.98,0.02,0.98,0,0,0,0,0,Normal
0,tcp,other,OTH,66,0,0,0,0,29,16,0,0,0,0,0.17,0.83,0.69,29,16,0.17,0.83,0,0.69,0,0,0,0,Normal
0,tcp,http,OTH,290,0,0,0,0,146,609,0,0,0,0,1,0,0.76,18,66,1,0,0.3,0.73,0,0,0,0,Normal
0,tcp,other,OTH,66,0,0,0,0,6,59,0,0,0,0,1,0,0.9,6,59,1,0,0.42,0.9,0,0,0,0,Normal
0,icmp,ecr_i,SF,42,0,0,0,0,0,3228,0,0,0,0,0,0,1,0,45,0,0,0.98,1,0,0,0,0,Normal
0,tcp,other,OTH,1514,0,0,0,0,124,316,0,0,0,0,1,0,0.61,20,51,1,0,0.38,0.61,0,0,0,0,Normal
0,tcp,other,OTH,66,0,0,0,0,6,84,0,0,0,0,1,0,0.93,1,26,1,0,0.04,0.96,0,0,0,0,Normal
0,tcp,other,OTH,66,0,0,0,0,30,71,0,0,0,0,1,0,0.58,26,55,1,0,0.46,0.53,0,0,0,0,Normal
0,tcp,other,OTH,66,0,0,0,0,155,183,0,0,0,0,0.69,0.31,0.42,60,78,0.78,0.22,0.01,0.4,0,0,0,0,Normal
0,tcp,other,OTH,66,0,0,0,0,2,16539,0,0,0,0,1,0,1,1,100,1,0,0.5,0.99,0,0,0,0,Normal
0,tcp,http,OTH,456,0,0,0,0,324,414,0,0,0,0,0.74,0.26,0.42,52,95,0.94,0.06,0.02,0.48,0,0,0,0,Normal
0,tcp,http,OTH,409,0,0,0,0,55,44,0,0,0,0,0.38,0.62,0.52,50,43,0.42,0.58,0.05,0.51,0,0,0,0,Normal
0,tcp,other,OTH,66,0,0,0,0,23,66,0,0,0,0,1,0,0.65,14,39,1,0,0.35,0.64,0,0,0,0,Normal
0,tcp,other,OTH,66,0,0,0,0,441,168,0,0,0,0,0.13,0.87,0.65,71,6,0.04,0.96,0,0.5,0,0,0,0,Normal
0,tcp,other,OTH,66,0,0,0,0,208,158,0,0,0,0,0.49,0.51,0.35,57,61,0.65,0.35,0.05,0.39,0,0,0,0,Normal
0,tcp,other,OTH,66,0,0,0,0,197,117,0,0,0,0,0.29,0.71,0.5,52,28,0.27,0.73,0.14,0.5,0,0,0,0,Normal
0,tcp,other,OTH,266,0,0,0,0,1,5,0,0,0,0,1,0,0.8,1,5,1,0,0.5,0.8,0,0,0,0,Normal
0,tcp,private,OTH,66,0,0,0,0,22,2,0,0,0,0,0.09,0.91,0,22,2,0.09,0.91,0.67,0,0,0,0,0,Normal
0,tcp,other,S1,74,0,0,0,0,0,288,0,0.07,0,0,0,0,1,0,92,0,0,0.85,1,0,0.22,0,0,Normal
0,tcp,other,S1,74,0,0,0,0,0,225,0,0,0,0,0,0,1,0,41,0,0,0.67,1,0,0.02,0,0,Normal
0,icmp,eco_i,SF,60,0,0,0,0,67658,67045,0,0,0,0,0.99,0.01,0,49,49,1,0,0.98,0,0,0,0,0,Normal
0,tcp,other,OTH,227,0,0,0,0,88,140,0,0,0,0,0.8,0.2,0.5,45,61,0.82,0.18,0.6,0.39,0,0,0,0,Normal
0,tcp,http,OTH,409,0,0,0,0,486,568,0,0,0,0,0.72,0.28,0.39,62,84,0.85,0.15,0.02,0.37,0,0,0,0,Normal
0,tcp,other,OTH,66,0,0,0,0,129,49,0,0,0,0,0.18,0.82,0.53,55,9,0.09,0.91,0.1,0.44,0,0,0,0,Normal
0,tcp,other,OTH,66,0,0,0,0,10,5,0,0,0,0,0.5,0.5,0,10,5,0.5,0.5,0,0,0,0,0,0,Normal
0,tcp,other,OTH,74,0,0,0,0,103,65,0,0,0,0,0.2,0.8,0.68,48,37,0.25,0.75,0.82,0.68,0,0,0,0,Normal
0,tcp,http,OTH,290,0,0,0,0,31,163,0,0,0,0,1,0,0.81,15,57,1,0,0.33,0.74,0,0,0,0,Normal
0,tcp,other,OTH,66,0,0,0,0,27,25,0,0,0,0,0.48,0.52,0.48,27,25,0.48,0.52,0,0.48,0,0,0,0,Normal
0,tcp,other,OTH,66,0,0,0,0,5,7,0,0,0,0,0.8,0.2,0.43,5,7,0.8,0.2,0.12,0.43,0,0,0,0,Normal
0,tcp,other,OTH,66,0,0,0,0,651,933,0,0,0,0,0.83,0.17,0.42,53,94,0.94,0.06,0,0.47,0,0,0,0,Normal
0,tcp,http,OTH,409,0,0,0,0,181,247,0,0,0,0,0.81,0.19,0.4,56,83,0.82,0.18,0.02,0.45,0,0,0,0,Normal
0,tcp,other,OTH,66,0,0,0,0,3,20,0,0,0,0,1,0,0.85,1,17,1,0,0.06,0.94,0,0,0,0,Normal
0,tcp,http,OTH,594,0,0,0,0,364,1398,0,0,0,0,1,0,0.74,30,95,1,0,0.47,0.68,0,0,0,0,Normal
0,udp,other,SF,68,0,0,0,0,408,222,0,0.05,0,0,0.23,0.77,0.58,48,90,0.9,0.1,0.86,0.52,0,0.11,0,0,Normal
0,tcp,other,OTH,192,0,0,0,0,2,21,0,0,0,0,1,0,0.9,2,21,1,0,0.86,0.9,0,0,0,0,Normal
0,tcp,other,OTH,66,0,0,0,0,52,126,0,0,0,0,1,0,0.59,25,63,1,0,0.42,0.6,0,0,0,0,Normal
0,tcp,other,OTH,66,0,0,0,0,175,187,0,0,0,0,0.62,0.38,0.42,55,42,0.47,0.53,0.02,0.38,0,0,0,0,Normal
0,tcp,http,OTH,297,0,0,0,0,1,53,0,0,0,0,1,0,0.98,1,53,1,0,0.44,0.98,0,0,0,0,Normal
0,tcp,other,OTH,66,0,0,0,0,14,4,0,0,0,0,0.14,0.86,0.5,14,4,0.14,0.86,0.2,0.5,0,0,0,0,Normal
0,icmp,eco_i,SF,60,0,0,0,0,17806,17353,0,0,0,0,0.97,0.03,0,50,49,0.98,0.02,0.98,0,0,0,0,0,Normal
0,tcp,http,OTH,290,0,0,0,0,13,99,0,0,0,0,1,0,0.87,13,76,1,0,0.42,0.83,0,0,0,0,Normal
0,tcp,other,OTH,100,0,0,0,0,8,94,0,0,0,0,1,0,0.91,5,50,1,0,0.82,0.9,0,0,0,0,Normal
0,tcp,other,OTH,66,0,0,0,0,0,169,0,0,0,0,0,0,1,0,19,0,0,0,1,0,0,0,0,Normal
0,icmp,ecr_i,SF,42,0,0,0,0,0,2386,0,0,0,0,0,0,1,0,48,0,0,0.98,1,0,0,0,0,Normal
0,icmp,eco_i,SF,60,0,0,0,0,27337,26532,0,0,0,0,0.97,0.03,0,51,51,1,0,0.98,0,0,0,0,0,Normal
0,icmp,ecr_i,SF,42,0,0,0,0,0,41835,0,0,0,0,0,0,1,0,47,0,0,0.98,1,0,0,0,0,Normal
0,tcp,other,OTH,66,0,0,0,0,9,77,0,0,0,0,1,0,0.88,9,25,1,0,0.35,0.64,0,0,0,0,Normal
0,tcp,other,OTH,66,0,0,0,0,266,83,0,0,0,0,0.15,0.85,0.52,57,15,0.11,0.89,0.06,0.6,0,0,0,0,Normal
0,udp,other,SF,1461,0,0,0,0,0,278,0,0.12,0,0,0,0,1,0,92,0,0,0.95,1,0,0.3,0,0,Normal
0,tcp,other,OTH,66,0,0,0,0,98,486,0,0,0,0,1,0,0.8,18,75,1,0,0.34,0.76,0,0,0,0,Normal
0,tcp,other,OTH,66,0,0,0,0,124,129,0,0,0,0,0.34,0.66,0.67,47,65,0.51,0.49,0,0.63,0,0,0,0,Normal
0,tcp,other,OTH,66,0,0,0,0,53,141,0,0,0,0,1,0,0.62,40,75,1,0,0.53,0.47,0,0,0,0,Normal
0,tcp,private,OTH,60,0,0,0,0,253,49,0,0,0,0,0.12,0.88,0.37,58,7,0.12,0.88,0.25,0,0,0,0,0,Normal
0,tcp,other,S1,4104,2551,0,0,0,0,160,0,0.01,0,0,0,0,1,0,17,0,0,0.94,1,0,0.12,0,0,Normal
0,udp,other,SF,71,0,0,0,0,209,85,0,0,0,0,0.22,0.78,0.47,60,14,0.1,0.9,0,0.57,0,0,0,0,Normal
0,tcp,other,OTH,66,0,0,0,0,54,35,0,0,0,0,0.28,0.72,0.57,54,35,0.28,0.72,0.03,0.57,0,0,0,0,Normal
0,tcp,other,OTH,1022,0,0,0,0,139,136,0,0,0,0,0.55,0.45,0.43,28,12,0.29,0.71,0.62,0.33,0,0,0,0,Normal
0,tcp,other,OTH,66,0,0,0,0,19,54,0,0,0,0,1,0,0.65,14,29,1,0,0.47,0.52,0,0,0,0,Normal
0,udp,other,SF,68,0,0,0,0,273,337,0,0.03,0,0,0.33,0.67,0.74,3,96,0.67,0.33,0.96,0.98,0,0.03,0,0,Normal
0,tcp,other,OTH,66,0,0,0,0,203,178,0,0,0,0,0.5,0.5,0.43,48,67,0.73,0.27,0,0.48,0,0,0,0,Normal
0,udp,private,SF,1294,0,0,0,0,4,11,0,0,0,0,0,1,1,0,3,0,0,0,1,0,0,0,0,Normal
0,tcp,other,OTH,66,0,0,0,0,98,271,0,0,0,0,1,0,0.64,12,72,1,0,0.33,0.83,0,0,0,0,Normal
0,tcp,other,OTH,66,0,0,0,0,198,249,0,0,0,0,0.76,0.24,0.39,61,86,0.9,0.1,0.03,0.36,0,0,0,0,Normal
0,tcp,other,OTH,66,0,0,0,0,389,533,0,0,0,0,0.85,0.15,0.38,66,77,0.77,0.23,0.04,0.34,0,0,0,0,Normal
0,udp,other,SF,1714,8109,0,0,0,0,150,0,0.03,0,0,0,0,1,0,67,0,0,0.81,1,0,0.07,0,0,Normal
0,icmp,ecr_i,SF,42,0,0,0,0,0,69458,0,0,0,0,0,0,1,0,51,0,0,0.98,1,0,0,0,0,Normal
0,icmp,eco_i,SF,60,0,0,0,0,88394,87684,0,0,0,0,0.99,0.01,0,53,53,1,0,0.98,0,0,0,0,0,Normal
0,tcp,other,OTH,74,0,0,0,0,61,40,0,0,0,0,0.31,0.69,0.53,55,40,0.35,0.65,0.32,0.53,0,0,0,0,Normal
0,tcp,other,OTH,66,0,0,0,0,189,522,0,0,0,0,1,0,0.64,23,69,1,0,0.37,0.67,0,0,0,0,Normal
0,tcp,http,OTH,290,0,0,0,0,78,400,0,0,0,0,1,0,0.81,21,95,1,0,0.43,0.78,0,0,0,0,Normal
0,udp,other,SF,1511,0,0,0,0,0,296,0,0.03,0,0,0,0,1,0,94,0,0,0.98,1,0,0.11,0,0,Normal
0,tcp,other,OTH,66,0,0,0,0,93,144,0,0,0,0,0.9,0.1,0.42,54,88,0.89,0.11,0.01,0.45,0,0,0,0,Normal
0,tcp,http,OTH,290,0,0,0,0,51,171,0,0,0,0,1,0,0.7,16,64,1,0,0.37,0.75,0,0,0,0,Normal
0,tcp,other,OTH,66,0,0,0,0,302,251,0,0,0,0,0.5,0.5,0.39,50,27,0.32,0.68,0,0.41,0,0,0,0,Normal
0,tcp,other,OTH,229,0,0,0,0,205,337,0,0,0,0,0.68,0.32,0.59,15,27,0.33,0.67,0.18,0.81,0,0,0,0,Normal
0,tcp,other,OTH,66,0,0,0,0,31,34,0,0,0,0,0.65,0.35,0.41,31,34,0.65,0.35,0.09,0.41,0,0,0,0,Normal
0,tcp,other,OTH,139,0,0,0,0,25,6,0,0,0,0,0.12,0.88,0.5,25,6,0.12,0.88,0.14,0.5,0,0,0,0,Normal
0,tcp,other,OTH,66,0,0,0,0,4,110,0,0,0,0,1,0,0.96,3,46,1,0,0,0.93,0,0,0,0,Normal
0,tcp,other,OTH,66,0,0,0,0,325,460,0,0,0,0,0.74,0.26,0.48,53,75,0.72,0.28,0.01,0.49,0,0,0,0,Normal
0,tcp,other,OTH,66,0,0,0,0,113,116,0,0,0,0,0.62,0.38,0.4,54,57,0.63,0.37,0,0.4,0,0,0,0,Normal
0,tcp,other,OTH,84,0,0,0,0,22,18,0,0,0,0,0.45,0.55,0.44,22,18,0.45,0.55,0.47,0.44,0,0,0,0,Normal
0,tcp,other,OTH,66,0,0,0,0,351,198,0,0,0,0,0.28,0.72,0.51,59,19,0.19,0.81,0.55,0.42,0,0,0,0,Normal
0,tcp,other,S1,74,74,0,0,0,383,465,0,0,0,0,0.72,0.28,0.41,16,0,0,1,0,0,0,0,0,0,Normal
0,tcp,other,OTH,2962,0,0,0,0,64,63,0,0,0,0,0.98,0.02,0,52,51,0.98,0.02,0.98,0,0,0,0,0,Normal
0,tcp,http,OTH,290,0,0,0,0,33,166,0,0,0,0,1,0,0.8,19,61,1,0,0.31,0.69,0,0,0,0,Normal
0,udp,other,SF,1532,1464,0,0,0,477,127,0,0.04,0,0,0.12,0.88,0.54,64,58,0.53,0.47,0.9,0.41,0,0.09,0,0,Normal
0,udp,other,SF,68,0,0,0,0,369,192,0,0.01,0,0,0.25,0.75,0.53,53,51,0.49,0.51,0.83,0.49,0,0.04,0,0,Normal
0,udp,other,SF,71,0,0,0,0,289,363,0,0.01,0,0,0.53,0.47,0.58,35,90,0.89,0.11,0.98,0.66,0,0.06,0,0,Normal
0,tcp,other,OTH,101,0,0,0,0,237,279,0,0,0,0,0.66,0.34,0.44,49,76,1,0,0.64,0.36,0,0,0,0,Normal
0,tcp,http,OTH,290,0,0,0,0,46,294,0,0,0,0,1,0,0.84,31,88,1,0,0.4,0.65,0,0,0,0,Normal
0,tcp,other,OTH,66,0,0,0,0,133,143,0,0,0,0,0.64,0.36,0.41,54,67,0.72,0.28,0,0.42,0,0,0,0,Normal
0,tcp,http,SF,786,748,0,0,0,89,124,0,0,0,0,0.88,0.12,0.37,60,83,0.88,0.12,0,0.36,0,0,0,0,Normal
0,tcp,http,OTH,592,0,0,0,0,99,277,0,0,0,0,1,0,0.64,20,67,1,0,0.38,0.7,0,0,0,0,Normal
0,icmp,ecr_i,SF,42,0,0,0,0,0,31367,0,0,0,0,0,0,1,0,51,0,0,0.98,1,0,0,0,0,Normal
0,tcp,other,OTH,66,0,0,0,0,169,180,0,0,0,0,0.66,0.34,0.38,62,53,0.53,0.47,0.06,0.38,0,0,0,0,Normal
0,icmp,ecr_i,SF,42,0,0,0,0,0,42569,0,0,0,0,0,0,1,0,46,0,0,0.98,1,0,0,0,0,Normal
0,icmp,ecr_i,SF,42,0,0,0,0,0,63179,0,0,0,0,0,0,1,0,49,0,0,0.98,1,0,0,0,0,Normal
0,tcp,other,OTH,66,0,0,0,0,191,201,0,0,0,0,0.63,0.37,0.4,62,69,0.71,0.29,0.01,0.36,0,0,0,0,Normal
0,tcp,other,OTH,66,0,0,0,0,414,1013,0,0,0,0,1,0,0.59,66,90,1,0,0.85,0.27,0,0,0,0,Normal
0,udp,other,SF,1294,0,0,0,0,1,175,1,0.06,0,0,1,0,0.99,1,88,1,0,0.89,0.99,1,0.12,0,0,Normal
0,icmp,eco_i,SF,60,0,0,0,0,12014,11415,0,0,0,0,0.95,0.05,0,50,50,1,0,0.98,0,0,0,0,0,Normal
0,icmp,eco_i,SF,60,0,0,0,0,46741,46041,0,0,0,0,0.99,0.01,0,52,52,1,0,0.98,0,0,0,0,0,Normal
0,udp,other,SF,68,0,0,0,0,252,259,0,0.01,0,0,0.48,0.52,0.53,51,67,0.63,0.37,0.71,0.52,0,0.04,0,0,Normal
0,tcp,other,OTH,113,0,0,0,0,319,356,0,0,0,0,0.45,0.55,0.59,54,53,0.41,0.59,0.48,0.58,0,0,0,0,Normal
0,udp,other,SF,1514,71,0,0,0,360,324,0,0.05,0,0,0.38,0.62,0.58,27,92,0.78,0.22,0.88,0.77,0,0.16,0,0,Normal
0,tcp,other,OTH,66,0,0,0,0,311,186,0,0,0,0,0.29,0.71,0.51,58,24,0.19,0.81,0,0.54,0,0,0,0,Normal
0,tcp,http,OTH,290,0,0,0,0,70,392,0,0,0,0,1,0,0.82,13,51,1,0,0.4,0.75,0,0,0,0,Normal
0,tcp,private,OTH,66,0,0,0,0,285,18,0,0,0,0,0.04,0.96,0.33,62,3,0.02,0.98,0,0.67,0,0,0,0,Normal
0,tcp,other,OTH,66,0,0,0,0,0,235,0,0,0,0,0,0,1,0,34,0,0,0,1,0,0,0,0,Normal
0,tcp,other,OTH,60,0,0,0,0,338,147,0,0,0,0,0.14,0.86,0.67,50,18,0.08,0.92,0.11,0.78,0,0,0,0,Normal
0,tcp,http,OTH,456,0,0,0,0,320,413,0,0,0,0,0.79,0.21,0.38,60,71,0.73,0.27,0.06,0.38,0,0,0,0,Normal
0,tcp,other,OTH,60,0,0,0,0,441,117,0,0,0,0,0.13,0.87,0.52,59,7,0.07,0.93,0.12,0.43,0,0,0,0,Normal
0,udp,other,SF,1461,1464,0,0,0,378,166,0,0.05,0,0,0.21,0.79,0.52,43,52,0.44,0.56,0.85,0.63,0.02,0.17,0,0,Normal
0,tcp,other,OTH,66,0,0,0,0,129,145,0,0,0,0,0.7,0.3,0.38,58,73,0.74,0.26,0,0.41,0,0,0,0,Normal
0,tcp,other,OTH,101,0,0,0,0,0,0,0,0,0,0,0,0,0,0,0,0,0,0,0,0,0,0,0,Normal
0,tcp,other,OTH,66,0,0,0,0,163,447,0,0,0,0,1,0,0.64,46,94,1,0,0.48,0.51,0,0,0,0,Normal
0,tcp,http,SF,787,611,0,0,0,85,59,0,0,0,0,0.38,0.62,0.46,48,22,0.25,0.75,0,0.45,0,0,0,0,Normal
0,tcp,other,S1,74,0,0,0,0,0,184,0,0.04,0,0,0,0,1,0,74,0,0,0.92,1,0,0.11,0,0,Normal
0,tcp,http,OTH,593,0,0,0,0,22,95,0,0,0,0,1,0,0.77,15,49,1,0,0.4,0.69,0,0,0,0,Normal
0,tcp,other,OTH,66,0,0,0,0,621,476,0,0,0,0,0.45,0.55,0.41,39,22,0.33,0.67,0.04,0.41,0,0,0,0,Normal
0,icmp,ecr_i,SF,42,0,0,0,0,0,23316,0,0,0,0,0,0,1,0,46,0,0,0.98,1,0,0,0,0,Normal
0,tcp,other,OTH,66,0,0,0,0,31,16,0,0,0,0,0.19,0.81,0.62,31,16,0.19,0.81,0.06,0.62,0,0,0,0,Normal
0,udp,other,SF,68,0,0,0,0,364,265,0,0,0,0,0.32,0.68,0.55,47,77,0.72,0.28,0.69,0.56,0,0.01,0,0,Normal
0,tcp,other,OTH,66,0,0,0,0,3,126,0,0,0,0,1,0,0.98,0,9,0,0,0,1,0,0,0,0,Normal
0,tcp,other,OTH,84,0,0,0,0,38,57,0,0,0,0,0.74,0.26,0.51,27,44,0.89,0.11,0.53,0.45,0,0,0,0,Normal
0,tcp,other,OTH,66,0,0,0,0,47,43,0,0,0,0,0.49,0.51,0.47,46,41,0.48,0.52,0.02,0.46,0,0,0,0,Normal
0,tcp,http,OTH,290,0,0,0,0,17,45,0,0,0,0,1,0,0.62,17,45,1,0,0.41,0.62,0,0,0,0,Normal
0,tcp,other,OTH,285,0,0,0,0,74,29,0,0,0,0,0.18,0.82,0.55,63,24,0.19,0.81,0.32,0.5,0,0,0,0,Normal
0,tcp,other,OTH,293,0,0,0,0,19,93,0,0,0,0,1,0,0.8,17,56,1,0,0.68,0.7,0,0,0,0,Normal
0,udp,other,SF,1294,0,0,0,0,0,293,0,0.09,0,0,0,0,1,0,93,0,0,0.93,1,0,0.19,0,0,Normal
0,tcp,other,OTH,66,0,0,0,0,4,64,0,0,0,0,1,0,0.94,2,36,1,0,0.68,0.94,0,0,0,0,Normal
0,tcp,other,OTH,54,0,0,0,0,5,114,0,0,0,0,1,0,0.96,2,73,1,0,0.51,0.97,0,0,0,0,Normal
0,udp,other,SF,2588,1294,0,0,0,1,171,0,0,0,0,1,0,0.99,0,80,0,0,0.72,1,0,0,0,0,Normal
0,tcp,other,OTH,1311,0,0,0,0,384,198,0,0,0,0,0.28,0.72,0.45,62,49,0.58,0.42,0.22,0.27,0,0,0,0,Normal
0,tcp,other,OTH,66,0,0,0,0,26,58,0,0,0,0,1,0,0.55,26,58,1,0,0.44,0.55,0,0,0,0,Normal
0,tcp,other,OTH,60,0,0,0,0,197,219,0,0,0,0,0.48,0.52,0.57,52,25,0.23,0.77,0.12,0.52,0,0,0,0,Normal
0,tcp,other,OTH,66,0,0,0,0,393,426,0,0,0,0,0.66,0.34,0.39,55,43,0.49,0.51,0.02,0.37,0,0,0,0,Normal
0,tcp,private,OTH,66,0,0,0,0,135,34,0,0,0,0,0.2,0.8,0.21,52,16,0.23,0.77,0.06,0.25,0,0,0,0,Normal
0,tcp,other,OTH,66,0,0,0,0,91,154,0,0,0,0,0.96,0.04,0.44,57,97,0.98,0.02,0,0.42,0,0,0,0,Normal
0,tcp,http,OTH,337,0,0,0,0,4,45,0,0,0,0,1,0,0.91,4,45,1,0,0.39,0.91,0,0,0,0,Normal
0,tcp,private,OTH,60,0,0,0,0,167,18,0,0,0,0,0.1,0.9,0.11,48,0,0,1,0,0,0,0,0,0,Normal
0,tcp,other,OTH,96,0,0,0,0,86,108,0,0,0,0,0.52,0.48,0.58,52,62,0.46,0.54,0.57,0.61,0,0,0,0,Normal
0,tcp,other,OTH,1514,0,0,0,0,113,200,0,0,0,0,0.84,0.16,0.53,64,65,0.78,0.22,0.76,0.23,0,0,0,0,Normal
0,tcp,other,OTH,66,0,0,0,0,1,113,0,0,0,0,1,0,0.99,0,34,0,0,0.69,1,0,0,0,0,Normal
0,tcp,other,OTH,66,0,0,0,0,170,207,0,0,0,0,0.76,0.24,0.38,51,49,0.67,0.33,0.02,0.31,0,0,0,0,Normal
0,tcp,other,OTH,66,0,0,0,0,209,272,0,0,0,0,0.76,0.24,0.42,56,85,0.88,0.12,0.01,0.42,0,0,0,0,Normal
0,tcp,other,OTH,66,0,0,0,0,32,25,0,0,0,0,0.47,0.53,0.4,32,25,0.47,0.53,0,0.4,0,0,0,0,Normal
0,tcp,http,OTH,456,0,0,0,0,314,297,0,0,0,0,0.61,0.39,0.36,51,14,0.2,0.8,0.13,0.29,0,0,0,0,Normal
0,icmp,ecr_i,SF,42,0,0,0,0,0,54256,0,0,0,0,0,0,1,0,50,0,0,0.98,1,0,0,0,0,Normal
0,tcp,other,OTH,86,0,0,0,0,71,67,0,0,0,0,0.32,0.68,0.66,49,47,0.39,0.61,0.56,0.6,0,0,0,0,Normal
0,tcp,http,OTH,290,0,0,0,0,53,236,0,0,0,0,1,0,0.78,2,76,1,0,0.3,0.97,0,0,0,0,Normal
0,icmp,ecr_i,SF,42,0,0,0,0,0,34016,0,0,0,0,0,0,1,0,49,0,0,0.98,1,0,0,0,0,Normal
0,icmp,eco_i,SF,60,0,0,0,0,1226,948,0,0,0,0,0.77,0.23,0,47,47,1,0,0.98,0,0,0,0,0,Normal
0,udp,other,SF,5571,1294,0,0,0,1,319,0,0.04,0,0,1,0,1,1,96,1,0,0.92,0.99,0,0.14,0,0,Normal
0,udp,other,SF,1581,1581,0,0,0,360,115,0,0.06,0,0,0.11,0.89,0.64,40,47,0.28,0.72,0.85,0.77,0,0.15,0,0,Normal
0,udp,other,SF,1294,0,0,0,0,1,307,1,0.03,0,0,1,0,1,1,60,1,0,0.9,0.98,1,0.15,0,0,Normal
0,udp,other,SF,2326,1464,0,0,0,0,187,0,0.04,0,0,0,0,1,0,58,0,0,0.93,1,0,0.12,0,0,Normal
0,tcp,other,OTH,66,0,0,0,0,89,141,0,0,0,0,0.85,0.15,0.46,50,81,0.84,0.16,0.04,0.48,0,0,0,0,Normal
0,tcp,other,OTH,66,0,0,0,0,141,167,0,0,0,0,0.75,0.25,0.37,60,61,0.68,0.32,0.06,0.33,0,0,0,0,Normal
0,tcp,http,OTH,290,0,0,0,0,10,53,0,0,0,0,1,0,0.81,8,48,1,0,0.45,0.83,0,0,0,0,Normal
0,icmp,oth_i,SF,70,0,0,0,0,0,587,0,0,0,0,0,0,1,0,12,0,0,0.92,1,0,0,0,0,Normal
0,tcp,http,OTH,593,0,0,0,0,39,214,0,0,0,0,1,0,0.82,7,87,1,0,0.39,0.92,0,0,0,0,Normal
0,tcp,other,OTH,124,0,0,0,0,1,22,0,0,0,0,1,0,0.95,1,15,1,0,0.31,0.93,0,0,0,0,Normal
0,udp,other,SF,1461,1464,0,0,0,452,161,0,0.16,0,0,0.15,0.85,0.57,31,90,0.84,0.16,0,0.71,0.06,0.27,0,0,Normal
0,tcp,http,OTH,232,0,0,0,0,21,59,0,0,0,0,1,0,0.64,19,51,1,0,0.37,0.63,0,0,0,0,Normal
0,tcp,other,OTH,66,0,0,0,0,116,67,0,0,0,0,0.24,0.76,0.58,55,20,0.15,0.85,0.19,0.6,0,0,0,0,Normal
0,tcp,other,OTH,885,0,0,0,0,40,47,0,0,0,0,0.6,0.4,0.49,35,31,0.57,0.43,0.62,0.35,0,0,0,0,Normal
0,tcp,other,OTH,66,0,0,0,0,0,2,0,0,0,0,0,0,1,0,2,0,0,0.67,1,0,0,0,0,Normal
0,tcp,other,S1,74,0,0,0,0,1,178,0,0.02,0,0,1,0,0.99,1,69,1,0,0.9,0.99,0,0.06,0,0,Normal
0,tcp,other,OTH,54,0,0,0,0,15,134,0,0,0,0,1,0,0.89,0,49,0,0,0,1,0,0,0,0,Normal
0,tcp,http,OTH,456,0,0,0,0,123,102,0,0,0,0,0.5,0.5,0.4,60,39,0.4,0.6,0,0.38,0,0,0,0,Normal
0,tcp,other,OTH,66,0,0,0,0,0,51,0,0,0,0,0,0,1,0,36,0,0,0.95,1,0,0,0,0,Normal
0,udp,other,SF,68,1294,0,0,0,451,247,0,0.02,0,0,0.13,0.87,0.77,47,36,0.38,0.62,0.86,0.5,0,0.14,0,0,Normal
0,icmp,eco_i,SF,60,0,0,0,0,34855,34065,0,0,0,0,0.98,0.02,0,47,47,1,0,0.98,0,0,0,0,0,Normal
0,tcp,other,OTH,66,0,0,0,0,313,399,0,0,0,0,0.79,0.21,0.38,58,89,0.93,0.07,0.03,0.39,0,0,0,0,Normal
0,tcp,other,OTH,2838,0,0,0,0,48,25,0,0,0,0,0.31,0.69,0.4,48,25,0.31,0.69,0.42,0.4,0,0,0,0,Normal
0,tcp,http,OTH,456,0,0,0,0,491,627,0,0,0,0,0.78,0.22,0.39,58,63,0.64,0.36,0.06,0.41,0,0,0,0,Normal
0,icmp,eco_i,SF,60,0,0,0,0,33733,33181,0,0,0,0,0.98,0.02,0,53,52,0.98,0.02,0.98,0,0,0,0,0,Normal
0,tcp,other,OTH,101,0,0,0,0,87,145,0,0,0,0,0.75,0.25,0.55,16,51,0.88,0.12,0.27,0.73,0,0,0,0,Normal
0,tcp,other,OTH,370,0,0,0,0,4,169,0,0,0,0,1,0,0.98,1,4,1,0,0.2,0.75,0,0,0,0,Normal
0,tcp,http,OTH,290,0,0,0,0,32,170,0,0,0,0,1,0,0.81,13,85,1,0,0.36,0.85,0,0,0,0,Normal
0,tcp,other,OTH,66,0,0,0,0,234,273,0,0,0,0,0.71,0.29,0.4,57,72,0.74,0.26,0.04,0.42,0,0,0,0,Normal
0,tcp,http,OTH,456,0,0,0,0,55,50,0,0,0,0,0.51,0.49,0.44,52,50,0.54,0.46,0.08,0.44,0,0,0,0,Normal
0,icmp,ecr_i,SF,42,0,0,0,0,0,64795,0,0,0,0,0,0,1,0,52,0,0,0.98,1,0,0,0,0,Normal
0,tcp,other,OTH,66,0,0,0,0,6,103,0,0,0,0,1,0,0.94,3,18,1,0,0,0.83,0,0,0,0,Normal
0,icmp,ecr_i,SF,42,0,0,0,0,0,77270,0,0,0,0,0,0,1,0,51,0,0,0.98,1,0,0,0,0,Normal
0,icmp,eco_i,SF,60,0,0,0,0,68969,68444,0,0,0,0,0.99,0.01,0,50,50,1,0,0.98,0,0,0,0,0,Normal
0,udp,other,SF,68,0,0,0,0,403,211,0,0.04,0,0,0.22,0.78,0.58,48,79,0.79,0.21,0.84,0.52,0,0.1,0,0,Normal
0,tcp,other,OTH,66,0,0,0,0,36,41,0,0,0,0,0.67,0.33,0.41,36,41,0.67,0.33,0.02,0.41,0,0,0,0,Normal
0,icmp,eco_i,SF,60,0,0,0,0,73839,73258,0,0,0,0,0.99,0.01,0,53,52,0.98,0.02,0.98,0,0,0,0,0,Normal
0,tcp,http,OTH,456,0,0,0,0,211,240,0,0,0,0,0.72,0.28,0.37,57,69,0.74,0.26,0.06,0.39,0,0,0,0,Normal
0,icmp,ecr_i,SF,42,0,0,0,0,0,19175,0,0,0,0,0,0,1,0,48,0,0,0.98,1,0,0,0,0,Normal
0,tcp,other,OTH,66,0,0,0,0,184,217,0,0,0,0,0.74,0.26,0.37,59,67,0.69,0.31,0,0.39,0,0,0,0,Normal
0,tcp,other,OTH,1514,0,0,0,0,12,36,0,0,0,0,1,0,0.67,12,36,1,0,0.32,0.67,0,0,0,0,Normal
0,tcp,other,S1,1290,833,0,0,0,0,296,0,0.01,0,0,0,0,1,0,63,0,0,0,1,0,0.05,0,0,Normal
0,tcp,http,OTH,409,0,0,0,0,234,199,0,0,0,0,0.52,0.48,0.39,55,67,0.75,0.25,0.03,0.39,0,0,0,0,Normal
0,icmp,eco_i,SF,60,0,0,0,0,28196,27416,0,0,0,0,0.97,0.03,0,49,48,0.98,0.02,0.98,0,0,0,0,0,Normal
0,tcp,other,OTH,66,0,0,0,0,250,312,0,0,0,0,0.75,0.25,0.4,52,60,0.63,0.37,0.03,0.45,0,0,0,0,Normal
0,tcp,http,OTH,456,0,0,0,0,827,1178,0,0,0,0,0.85,0.15,0.41,59,90,0.92,0.08,0.02,0.4,0,0,0,0,Normal
0,tcp,other,OTH,66,0,0,0,0,352,266,0,0,0,0,0.33,0.67,0.56,59,19,0.22,0.78,0,0.32,0,0,0,0,Normal
0,tcp,http,OTH,252,0,0,0,0,14,8,0,0,0,0,0.43,0.57,0.25,14,8,0.43,0.57,0.33,0.25,0,0,0,0,Normal
0,tcp,other,OTH,66,0,0,0,0,128,414,0,0,0,0,1,0,0.69,28,98,1,0,0.41,0.71,0,0,0,0,Normal
0,tcp,http,OTH,456,0,0,0,0,206,221,0,0,0,0,0.57,0.43,0.47,47,65,0.66,0.34,0.06,0.52,0,0,0,0,Normal
0,icmp,ecr_i,SF,42,0,0,0,0,0,81511,0,0,0,0,0,0,1,0,50,0,0,0.98,1,0,0,0,0,Normal
0,icmp,eco_i,SF,60,0,0,0,0,82643,81885,0,0,0,0,0.99,0.01,0,51,50,0.98,0.02,0.98,0,0,0,0,0,Normal
0,tcp,private,OTH,66,0,0,0,0,41,2,0,0,0,0,0.02,0.98,0.5,41,2,0.02,0.98,0,0.5,0,0,0,0,Normal
0,tcp,other,OTH,66,0,0,0,0,1,87,0,0,0,0,1,0,0.99,1,33,1,0,0.26,0.97,0,0,0,0,Normal
0,tcp,private,OTH,66,0,0,0,0,353,15,0,0,0,0,0.04,0.96,0.13,54,4,0.07,0.93,0.4,0,0,0,0,0,Normal
0,udp,other,SF,2330,2983,0,0,0,417,216,0,0,0,0,0.23,0.77,0.56,60,53,0.5,0.5,0.69,0.43,0,0.02,0,0,Normal
0,tcp,other,OTH,460,0,0,0,0,167,355,0,0,0,0,1,0,0.53,7,33,1,0,0.21,0.79,0,0,0,0,Normal
0,tcp,other,OTH,66,0,0,0,0,6,122,0,0,0,0,1,0,0.95,1,62,1,0,0.27,0.98,0,0,0,0,Normal
0,tcp,other,OTH,298,0,0,0,0,69,63,0,0,0,0,0.33,0.67,0.63,48,54,0.42,0.58,0.42,0.63,0,0,0,0,Normal
0,tcp,http,OTH,232,0,0,0,0,38,138,0,0,0,0,1,0,0.72,14,69,1,0,0.43,0.8,0,0,0,0,Normal
0,tcp,other,OTH,66,0,0,0,0,155,156,0,0,0,0,0.58,0.42,0.42,57,71,0.72,0.28,0,0.42,0,0,0,0,Normal
0,udp,other,SF,1582,1514,0,0,0,0,257,0,0.02,0,0,0,0,1,0,91,0,0,0.87,1,0,0.07,0,0,Normal
0,tcp,other,OTH,1423,0,0,0,0,112,268,0,0,0,0,1,0,0.58,15,48,1,0,0.31,0.69,0,0,0,0,Normal
0,tcp,private,OTH,66,0,0,0,0,12,1,0,0,0,0,0.08,0.92,0,12,1,0.08,0.92,0.5,0,0,0,0,0,Normal
0,icmp,eco_i,SF,60,0,0,0,0,45626,45191,0,0,0,0,0.99,0.01,0,54,54,1,0,0.98,0,0,0,0,0,Normal
0,udp,other,SF,5571,1294,0,0,0,1,233,0,0.02,0,0,1,0,1,1,91,1,0,0.98,0.99,0,0.05,0,0,Normal
0,tcp,private,OTH,70,0,0,0,0,194,50,0,0,0,0,0.24,0.76,0.08,52,13,0.23,0.77,0.36,0.08,0,0,0,0,Normal
0,udp,other,SF,7966,283,0,0,0,193,225,0,0,0,0,0.54,0.46,0.53,55,78,0.78,0.22,0.82,0.45,0,0.01,0,0,Normal
0,icmp,ecr_i,SF,42,0,0,0,0,0,30025,0,0,0,0,0,0,1,0,50,0,0,0.98,1,0,0,0,0,Normal
0,tcp,other,OTH,104,0,0,0,0,28,27,0,0,0,0,0.5,0.5,0.48,28,27,0.5,0.5,0.71,0.48,0,0,0,0,Normal
0,tcp,private,OTH,162,0,0,0,0,1,8,0,0,0,0,1,0,0.88,1,8,1,0,0.33,0.88,0,0,0,0,Normal
0,udp,other,SF,9388,2588,0,0,0,1,197,1,0.04,0,0,1,0,0.99,1,93,1,0,0.95,0.99,1,0.09,0,0,Normal
0,tcp,other,OTH,66,0,0,0,0,220,275,0,0,0,0,0.7,0.3,0.44,53,64,0.74,0.26,0.02,0.39,0,0,0,0,Normal
0,tcp,other,OTH,66,0,0,0,0,251,296,0,0,0,0,0.74,0.26,0.38,62,79,0.81,0.19,0.04,0.37,0,0,0,0,Normal
0,tcp,http,OTH,440,0,0,0,0,216,156,0,0,0,0,0.46,0.54,0.37,55,18,0.25,0.75,0.11,0.22,0,0,0,0,Normal
0,tcp,other,OTH,66,0,0,0,0,114,114,0,0,0,0,0.58,0.42,0.42,59,71,0.71,0.29,0.06,0.41,0,0,0,0,Normal
0,icmp,ecr_i,SF,42,0,0,0,0,0,18945,0,0,0,0,0,0,1,0,47,0,0,0.98,1,0,0,0,0,Normal
0,tcp,other,OTH,66,0,0,0,0,1,143,0,0,0,0,1,0,0.99,0,56,0,0,0,1,0,0,0,0,Normal
0,icmp,ecr_i,SF,42,0,0,0,0,0,25468,0,0,0,0,0,0,1,0,49,0,0,0.98,1,0,0,0,0,Normal
0,tcp,http,OTH,290,0,0,0,0,0,14,0,0,0,0,0,0,1,0,14,0,0,0.4,1,0,0,0,0,Normal
0,tcp,other,OTH,66,0,0,0,0,36,544,0,0,0,0,1,0,0.93,15,96,1,0,0.36,0.84,0,0,0,0,Normal
0,tcp,http,OTH,456,0,0,0,0,202,214,0,0,0,0,0.65,0.35,0.38,60,68,0.68,0.32,0.07,0.4,0,0,0,0,Normal
0,tcp,other,OTH,66,0,0,0,0,107,109,0,0,0,0,0.64,0.36,0.37,58,72,0.79,0.21,0.01,0.36,0,0,0,0,Normal
0,tcp,other,OTH,66,0,0,0,0,39,50,0,0,0,0,0.79,0.21,0.38,39,50,0.79,0.21,0.14,0.38,0,0,0,0,Normal
0,tcp,other,OTH,1514,0,0,0,0,47,95,0,0,0,0,0.83,0.17,0.59,34,72,0.76,0.24,0.36,0.64,0,0,0,0,Normal
0,tcp,http,OTH,290,0,0,0,0,112,581,0,0,0,0,1,0,0.81,15,71,1,0,0.38,0.79,0,0,0,0,Normal
0,udp,other,SF,68,0,0,0,0,0,291,0,0.05,0,0,0,0,1,0,96,0,0,0.96,1,0,0.06,0,0,Normal
0,tcp,other,RSTO,128,74,0,0,0,0,324,0,0.01,0,0,0,0,1,0,86,0,0,0.98,1,0,0.03,0,0,Normal
0,tcp,other,OTH,66,0,0,0,0,55,130,0,0,0,0,1,0,0.58,18,46,1,0,0.38,0.61,0,0,0,0,Normal
0,tcp,http,OTH,456,0,0,0,0,365,466,0,0,0,0,0.76,0.24,0.4,53,72,0.77,0.23,0.07,0.43,0,0,0,0,Normal
0,tcp,other,S1,74,0,0,0,0,0,239,0,0.06,0,0,0,0,1,0,92,0,0,0.91,1,0,0.16,0,0,Normal
0,tcp,http,OTH,238,0,0,0,0,1,57,0,0,0,0,1,0,0.98,0,21,0,0,0.36,1,0,0,0,0,Normal
0,tcp,other,OTH,66,0,0,0,0,12,196,0,0,0,0,1,0,0.94,2,48,1,0,0,0.96,0,0,0,0,Normal
0,tcp,other,OTH,1108,0,0,0,0,326,305,0,0,0,0,0.57,0.43,0.39,24,14,0.33,0.67,0.53,0.43,0,0,0,0,Normal
0,tcp,http,OTH,232,0,0,0,0,13,306,0,0,0,0,0.62,0.38,0.97,10,68,0.6,0.4,0.32,0.91,0,0,0,0,Normal
0,udp,other,SF,68,0,0,0,0,0,383,0,0,0,0,0,0,1,0,83,0,0,0.8,1,0,0,0,0,Normal
0,tcp,other,OTH,66,0,0,0,0,289,351,0,0,0,0,0.72,0.28,0.41,57,66,0.72,0.28,0.01,0.38,0,0,0,0,Normal
0,tcp,other,OTH,101,0,0,0,0,0,0,0,0,0,0,0,0,0,0,0,0,0,0,0,0,0,0,0,Normal
0,icmp,eco_i,SF,60,0,0,0,0,4468,3683,0,0,0,0,0.82,0.18,0,51,51,1,0,0.98,0,0,0,0,0,Normal
0,tcp,other,OTH,66,0,0,0,0,72,26,0,0,0,0,0.14,0.86,0.62,55,18,0.09,0.91,0.05,0.72,0,0,0,0,Normal
0,tcp,http,OTH,290,0,0,0,0,51,168,0,0,0,0,1,0,0.7,6,39,1,0,0.4,0.85,0,0,0,0,Normal
0,tcp,other,OTH,1697,0,0,0,0,208,78,0,0,0,0,0.19,0.81,0.5,53,18,0.13,0.87,0.42,0.61,0,0,0,0,Normal
0,icmp,eco_i,SF,60,0,0,0,0,29137,28758,0,0,0,0,0.99,0.01,0,50,50,1,0,0.98,0,0,0,0,0,Normal
0,icmp,ecr_i,SF,42,0,0,0,0,0,36576,0,0,0,0,0,0,1,0,51,0,0,0.98,1,0,0,0,0,Normal
0,tcp,other,OTH,66,0,0,0,0,749,1062,0,0,0,0,0.85,0.15,0.4,56,92,0.95,0.05,0.01,0.42,0,0,0,0,Normal
0,udp,other,SF,1294,0,0,0,0,1,312,1,0.07,0,0,1,0,1,1,94,1,0,0.96,0.99,1,0.24,0,0,Normal
0,icmp,ecr_i,SF,42,0,0,0,0,0,57724,0,0,0,0,0,0,1,0,52,0,0,0.98,1,0,0,0,0,Normal
0,icmp,ecr_i,SF,42,0,0,0,0,0,21904,0,0,0,0,0,0,1,0,48,0,0,0.98,1,0,0,0,0,Normal
0,icmp,eco_i,SF,60,0,0,0,0,55492,54945,0,0,0,0,0.99,0.01,0,51,51,1,0,0.98,0,0,0,0,0,Normal
0,tcp,other,OTH,66,0,0,0,0,89,94,0,0,0,0,0.65,0.35,0.38,52,64,0.75,0.25,0,0.39,0,0,0,0,Normal
0,udp,other,SF,1164,575,0,0,0,288,199,0,0,0,0,0.31,0.69,0.55,58,50,0.38,0.62,0.51,0.56,0,0,0,0,Normal
0,tcp,other,OTH,987,0,0,0,0,273,434,0,0,0,0,0.7,0.3,0.56,33,40,0.7,0.3,0.56,0.42,0,0,0,0,Normal
0,icmp,eco_i,SF,60,0,0,0,0,69243,68626,0,0,0,0,0.99,0.01,0,54,53,0.98,0.02,0.98,0,0,0,0,0,Normal
0,udp,other,SF,582,300,0,0,0,351,219,0,0,0,0,0.34,0.66,0.46,61,67,0.74,0.26,0,0.33,0,0.01,0,0,Normal
0,tcp,http,OTH,456,0,0,0,0,369,345,0,0,0,0,0.58,0.42,0.38,60,40,0.37,0.63,0.1,0.45,0,0,0,0,Normal
0,tcp,other,OTH,96,0,0,0,0,147,129,0,0,0,0,0.35,0.65,0.6,54,51,0.44,0.56,0.1,0.53,0,0,0,0,Normal
0,udp,other,SF,2588,0,0,0,0,0,362,0,0.04,0,0,0,0,1,0,98,0,0,0.94,1,0,0.15,0,0,Normal
0,tcp,other,OTH,66,0,0,0,0,262,267,0,0,0,0,0.61,0.39,0.4,61,76,0.77,0.23,0.06,0.38,0,0,0,0,Normal
0,icmp,eco_i,SF,60,0,0,0,0,45873,45424,0,0,0,0,0.99,0.01,0,50,50,1,0,0.98,0,0,0,0,0,Normal
0,tcp,http,OTH,456,0,0,0,0,281,340,0,0,0,0,0.74,0.26,0.39,51,49,0.59,0.41,0,0.39,0,0,0,0,Normal
0,udp,other,SF,2326,1464,0,0,0,0,211,0,0,0,0,0,0,1,0,49,0,0,0.72,1,0,0,0,0,Normal
0,tcp,http,OTH,409,0,0,0,0,339,383,0,0,0,0,0.65,0.35,0.43,66,52,0.52,0.48,0.15,0.35,0,0,0,0,Normal
0,tcp,other,OTH,66,0,0,0,0,50,71,0,0,0,0,0.78,0.22,0.45,50,71,0.78,0.22,0.07,0.45,0,0,0,0,Normal
0,tcp,private,OTH,66,0,0,0,0,198,21,0,0,0,0,0.1,0.9,0.1,55,7,0.13,0.87,0.62,0,0,0,0,0,Normal
0,icmp,eco_i,SF,60,0,0,0,0,12588,12106,0,0,0,0,0.96,0.04,0,53,53,1,0,0.98,0,0,0,0,0,Normal
0,tcp,http,OTH,232,0,0,0,0,6,171,0,0,0,0,0.83,0.17,0.97,4,63,1,0,0.41,0.94,0,0,0,0,Normal
0,tcp,other,OTH,66,0,0,0,0,26,131,0,0,0,0,1,0,0.8,14,51,1,0,0.37,0.73,0,0,0,0,Normal
0,tcp,other,OTH,66,0,0,0,0,106,368,0,0,0,0,1,0,0.71,31,88,1,0,0.35,0.65,0,0,0,0,Normal
0,tcp,other,OTH,101,0,0,0,0,66,132,0,0,0,0,0.67,0.33,0.67,31,40,0.48,0.52,0.37,0.62,0,0,0,0,Normal
0,tcp,other,OTH,66,0,0,0,0,114,60,0,0,0,0,0.32,0.68,0.38,58,42,0.47,0.53,0,0.36,0,0,0,0,Normal
0,tcp,http,OTH,593,0,0,0,0,207,792,0,0,0,0,1,0,0.74,30,74,1,0,0.4,0.59,0,0,0,0,Normal
0,tcp,other,OTH,66,0,0,0,0,266,402,0,0,0,0,0.67,0.33,0.56,56,55,0.39,0.61,0.02,0.6,0,0,0,0,Normal
0,tcp,other,OTH,66,0,0,0,0,252,137,0,0,0,0,0.25,0.75,0.55,52,35,0.27,0.73,0.22,0.6,0,0,0,0,Normal
0,tcp,http,OTH,456,0,0,0,0,69,67,0,0,0,0,0.59,0.41,0.39,50,44,0.52,0.48,0.04,0.41,0,0,0,0,Normal
0,tcp,other,S1,74,0,0,0,0,0,258,0,0.1,0,0,0,0,1,0,93,0,0,0.89,1,0,0.28,0,0,Normal
0,tcp,other,OTH,66,0,0,0,0,1,119,0,0,0,0,1,0,0.99,0,26,0,0,0,1,0,0,0,0,Normal
0,tcp,other,OTH,66,0,0,0,0,0,65,0,0,0,0,0,0,1,0,26,0,0,0.81,1,0,0,0,0,Normal
0,tcp,other,OTH,54,0,0,0,0,5,69,0,0,0,0,1,0,0.93,2,24,1,0,0.64,0.92,0,0,0,0,Normal
0,tcp,other,RSTO,330,74,0,0,0,0,368,0,0,0,0,0,0,1,0,56,0,0,0.6,1,0,0,0,0,Normal
0,tcp,http,OTH,2148,0,0,0,0,501,633,0,0,0,0,0.66,0.34,0.48,57,57,0.53,0.47,0.03,0.47,0,0,0,0,Normal
0,tcp,http,OTH,316,0,0,0,0,101,133,0,0,0,0,0.7,0.3,0.47,45,63,0.69,0.31,0.05,0.51,0,0,0,0,Normal
0,udp,other,SF,68,0,0,0,0,310,276,0,0,0,0,0.46,0.54,0.49,54,76,0.81,0.19,0.91,0.42,0,0,0,0,Normal
0,tcp,other,OTH,54,0,0,0,0,0,13,0,0,0,0,0,0,1,0,13,0,0,0.64,1,0,0,0,0,Normal
0,tcp,other,OTH,66,0,0,0,0,143,169,0,0,0,0,0.72,0.28,0.39,57,72,0.75,0.25,0,0.4,0,0,0,0,Normal
0,tcp,other,OTH,266,0,0,0,0,7,159,0,0,0,0,1,0,0.96,1,45,1,0,0.37,0.98,0,0,0,0,Normal
0,tcp,other,OTH,66,0,0,0,0,21,300,0,0,0,0,0.19,0.81,0.99,11,18,0.09,0.91,0.05,0.94,0,0,0,0,Normal
0,tcp,other,OTH,130,0,0,0,0,115,25,0,0,0,0,0.13,0.87,0.4,60,15,0.17,0.83,0.12,0.33,0,0,0,0,Normal
0,tcp,other,OTH,192,0,0,0,0,12,80,0,0,0,0,1,0,0.85,12,80,1,0,0.74,0.85,0,0,0,0,Normal
0,tcp,http,OTH,290,0,0,0,0,112,426,0,0,0,0,1,0,0.74,8,78,1,0,0.3,0.9,0,0,0,0,Normal
0,tcp,other,OTH,66,0,0,0,0,56,59,0,0,0,0,0.39,0.61,0.63,48,44,0.35,0.65,0.58,0.61,0,0,0,0,Normal
0,icmp,ecr_i,SF,42,0,0,0,0,0,22234,0,0,0,0,0,0,1,0,47,0,0,0.98,1,0,0,0,0,Normal
0,icmp,ecr_i,SF,42,0,0,0,0,0,14133,0,0,0,0,0,0,1,0,47,0,0,0.98,1,0,0,0,0,Normal
0,tcp,other,OTH,66,0,0,0,0,322,501,0,0,0,0,0.82,0.18,0.47,49,95,0.92,0.08,0,0.53,0,0,0,0,Normal
0,tcp,other,OTH,66,0,0,0,0,3,8,0,0,0,0,1,0,0.62,3,8,1,0,0.89,0.62,0,0,0,0,Normal
0,tcp,http,OTH,232,0,0,0,0,18,205,0,0,0,0,1,0,0.91,15,64,1,0,0.35,0.77,0,0,0,0,Normal
0,tcp,other,OTH,96,0,0,0,0,155,137,0,0,0,0,0.52,0.48,0.41,59,51,0.54,0.46,0.48,0.37,0,0,0,0,Normal
0,tcp,http,OTH,456,0,0,0,0,314,357,0,0,0,0,0.69,0.31,0.39,64,79,0.83,0.17,0,0.33,0,0,0,0,Normal
0,icmp,ecr_i,SF,42,0,0,0,0,0,14707,0,0,0,0,0,0,1,0,51,0,0,0.98,1,0,0,0,0,Normal
0,icmp,ecr_i,SF,42,0,0,0,0,0,26962,0,0,0,0,0,0,1,0,48,0,0,0.98,1,0,0,0,0,Normal
0,tcp,other,OTH,66,0,0,0,0,59,100,0,0,0,0,0.97,0.03,0.43,53,94,0.96,0.04,0.03,0.46,0,0,0,0,Normal
0,udp,other,SF,1765,8092,0,0,0,0,243,0,0.01,0,0,0,0,1,0,66,0,0,0.78,1,0,0.03,0,0,Normal
0,icmp,eco_i,SF,60,0,0,0,0,68033,67108,0,0,0,0,0.99,0.01,0,51,51,1,0,0.98,0,0,0,0,0,Normal
0,tcp,other,OTH,66,0,0,0,0,164,884,0,0,0,0,1,0,0.81,17,77,1,0,0.45,0.78,0,0,0,0,Normal
0,icmp,ecr_i,SF,42,0,0,0,0,0,42257,0,0,0,0,0,0,1,0,47,0,0,0.98,1,0,0,0,0,Normal
0,tcp,other,OTH,1176,0,0,0,0,53,67,0,0,0,0,0.74,0.26,0.42,40,36,0.7,0.3,0.76,0.22,0,0,0,0,Normal
0,tcp,other,OTH,66,0,0,0,0,243,235,0,0,0,0,0.57,0.43,0.41,54,59,0.61,0.39,0,0.44,0,0,0,0,Normal
0,udp,other,SF,7986,13438,0,0,0,1,182,0,0,0,0,1,0,0.99,1,47,1,0,0.77,0.98,0,0,0,0,Normal
0,tcp,other,OTH,66,0,0,0,0,229,218,0,0,0,0,0.58,0.42,0.39,60,65,0.68,0.32,0,0.37,0,0,0,0,Normal
0,tcp,other,OTH,386,0,0,0,0,2,210,0,0,0,0,1,0,0.99,0,37,0,0,0,1,0,0,0,0,Normal
0,tcp,other,OTH,66,0,0,0,0,242,184,0,0,0,0,0.46,0.54,0.39,46,49,0.65,0.35,0.08,0.39,0,0,0,0,Normal
0,tcp,other,OTH,66,0,0,0,0,20,555,0,0,0,0,1,0,0.96,0,22,0,0,0.48,1,0,0,0,0,Normal
0,tcp,other,RSTO,128,74,0,0,0,0,193,0,0.01,0,0,0,0,1,0,59,0,0,0.7,1,0,0.03,0,0,Normal
0,tcp,other,OTH,86,0,0,0,0,71,62,0,0,0,0,0.34,0.66,0.61,52,51,0.4,0.6,0.73,0.59,0,0,0,0,Normal
0,tcp,other,OTH,66,0,0,0,0,109,113,0,0,0,0,0.68,0.32,0.35,60,82,0.88,0.12,0,0.35,0,0,0,0,Normal
0,tcp,http,OTH,290,0,0,0,0,113,423,0,0,0,0,1,0,0.73,16,61,1,0,0.45,0.74,0,0,0,0,Normal
0,udp,other,SF,71,0,0,0,0,313,214,0,0,0,0,0.15,0.85,0.79,52,25,0.23,0.77,0.31,0.52,0,0.04,0,0,Normal
0,tcp,http,SF,786,748,0,0,0,107,135,0,0,0,0,0.79,0.21,0.38,66,66,0.68,0.32,0,0.32,0,0,0,0,Normal
0,tcp,other,OTH,66,0,0,0,0,11,132,0,0,0,0,0.18,0.82,0.98,1,34,1,0,0.03,0.97,0,0,0,0,Normal
0,tcp,other,OTH,66,0,0,0,0,4,61,0,0,0,0,1,0,0.93,4,61,1,0,0.37,0.93,0,0,0,0,Normal
0,icmp,eco_i,SF,60,0,0,0,0,11664,11117,0,0,0,0,0.95,0.05,0,47,47,1,0,0.98,0,0,0,0,0,Normal
0,icmp,ecr_i,SF,42,0,0,0,0,0,26869,0,0,0,0,0,0,1,0,49,0,0,0.98,1,0,0,0,0,Normal
0,tcp,other,OTH,66,0,0,0,0,309,77,0,0,0,0,0.12,0.88,0.51,58,5,0.03,0.97,0,0.6,0,0,0,0,Normal
0,tcp,other,OTH,66,0,0,0,0,102,69,0,0,0,0,0.3,0.7,0.55,61,38,0.31,0.69,0.03,0.5,0,0,0,0,Normal
0,tcp,other,OTH,66,0,0,0,0,80,58,0,0,0,0,0.44,0.56,0.4,52,45,0.58,0.42,0,0.33,0,0,0,0,Normal
0,tcp,other,S1,74,0,0,0,0,0,300,0,0.02,0,0,0,0,1,0,64,0,0,0.83,1,0,0.09,0,0,Normal
0,tcp,other,OTH,66,0,0,0,0,125,433,0,0,0,0,1,0,0.71,36,94,1,0,0.45,0.62,0,0,0,0,Normal
0,tcp,other,OTH,66,0,0,0,0,322,342,0,0,0,0,0.66,0.34,0.38,60,57,0.57,0.43,0,0.4,0,0,0,0,Normal
0,tcp,other,OTH,66,0,0,0,0,0,8,0,0,0,0,0,0,1,0,8,0,0,0,1,0,0,0,0,Normal
0,tcp,http,OTH,290,0,0,0,0,61,279,0,0,0,0,1,0,0.78,16,48,1,0,0.33,0.67,0,0,0,0,Normal
0,icmp,ecr_i,SF,42,0,0,0,0,0,15775,0,0,0,0,0,0,1,0,49,0,0,0.98,1,0,0,0,0,Normal
0,tcp,http,OTH,290,0,0,0,0,75,192,0,0,0,0,1,0,0.61,29,78,1,0,0.46,0.63,0,0,0,0,Normal
0,tcp,other,OTH,66,0,0,0,0,61,53,0,0,0,0,0.51,0.49,0.42,55,47,0.49,0.51,0,0.43,0,0,0,0,Normal
0,tcp,other,OTH,66,0,0,0,0,35,117,0,0,0,0,1,0,0.7,32,65,1,0,0.5,0.51,0,0,0,0,Normal
0,tcp,other,OTH,96,0,0,0,0,482,264,0,0,0,0,0.25,0.75,0.54,58,15,0.17,0.83,0.75,0.33,0,0,0,0,Normal
0,tcp,http,OTH,456,0,0,0,0,35,26,0,0,0,0,0.51,0.49,0.31,35,26,0.51,0.49,0,0.31,0,0,0,0,Normal
0,tcp,http,OTH,290,0,0,0,0,52,143,0,0,0,0,1,0,0.64,21,60,1,0,0.34,0.65,0,0,0,0,Normal
0,tcp,http,OTH,409,0,0,0,0,76,94,0,0,0,0,0.7,0.3,0.44,52,69,0.71,0.29,0,0.46,0,0,0,0,Normal
0,tcp,http,OTH,232,0,0,0,0,12,85,0,0,0,0,1,0,0.86,12,76,1,0,0.36,0.84,0,0,0,0,Normal
0,udp,other,SF,519,0,0,0,0,295,184,0,0.01,0,0,0.38,0.62,0.4,68,52,0.6,0.4,0.94,0.21,0,0.02,0,0,Normal
0,udp,other,SF,1719,7865,0,0,0,0,119,0,0.1,0,0,0,0,1,0,65,0,0,0.82,1,0,0.18,0,0,Normal
0,tcp,other,RSTO,128,74,0,0,0,0,291,0,0,0,0,0,0,1,0,66,0,0,0.97,1,0,0.02,0,0,Normal
0,tcp,http,OTH,232,0,0,0,0,35,272,0,0,0,0,0.94,0.06,0.88,29,88,1,0,0.33,0.67,0,0,0,0,Normal
0,udp,other,SF,1582,1514,0,0,0,0,303,0,0.05,0,0,0,0,1,0,75,0,0,0.84,1,0,0.19,0,0,Normal
0,tcp,other,OTH,66,0,0,0,0,39,208,0,0,0,0,1,0,0.81,12,67,1,0,0.35,0.82,0,0,0,0,Normal
0,tcp,other,OTH,66,0,0,0,0,338,519,0,0,0,0,0.88,0.12,0.42,56,94,0.95,0.05,0.01,0.44,0,0,0,0,Normal
0,tcp,http,OTH,456,0,0,0,0,278,202,0,0,0,0,0.42,0.58,0.42,51,39,0.43,0.57,0.05,0.44,0,0,0,0,Normal
0,tcp,other,OTH,66,0,0,0,0,123,319,0,0,0,0,1,0,0.61,32,81,1,0,0.41,0.6,0,0,0,0,Normal
0,udp,other,SF,5571,1294,0,0,0,1,224,0,0.01,0,0,1,0,1,1,47,1,0,0.75,0.98,0,0.04,0,0,Normal
0,tcp,http,OTH,456,0,0,0,0,752,1003,0,0,0,0,0.81,0.19,0.39,56,93,0.95,0.05,0.03,0.43,0,0,0,0,Normal
0,icmp,eco_i,SF,60,0,0,0,0,42388,41837,0,0,0,0,0.99,0.01,0,52,52,1,0,0.98,0,0,0,0,0,Normal
0,tcp,other,OTH,66,0,0,0,0,6,18,0,0,0,0,1,0,0.67,6,18,1,0,0.32,0.67,0,0,0,0,Normal
0,tcp,other,OTH,66,0,0,0,0,88,135,0,0,0,0,0.85,0.15,0.44,53,86,0.89,0.11,0.01,0.45,0,0,0,0,Normal
0,tcp,other,OTH,272,0,0,0,0,257,258,0,0,0,0,0.44,0.56,0.57,21,27,0.86,0.14,0.64,0.33,0,0,0,0,Normal
0,tcp,other,OTH,66,0,0,0,0,1,108,0,0,0,0,1,0,0.99,0,49,0,0,0,1,0,0,0,0,Normal
0,tcp,http,OTH,290,0,0,0,0,99,517,0,0,0,0,1,0,0.81,6,23,1,0,0.25,0.74,0,0,0,0,Normal
0,tcp,http,OTH,456,0,0,0,0,35,40,0,0,0,0,0.66,0.34,0.42,35,40,0.66,0.34,0,0.42,0,0,0,0,Normal
0,tcp,http,OTH,290,0,0,0,0,9,39,0,0,0,0,1,0,0.77,9,39,1,0,0.33,0.77,0,0,0,0,Normal
0,tcp,other,OTH,96,0,0,0,0,4,77,0,0,0,0,1,0,0.95,4,46,1,0,0.4,0.91,0,0,0,0,Normal
0,tcp,other,OTH,66,0,0,0,0,37,216,0,0,0,0,1,0,0.83,13,79,1,0,0.42,0.84,0,0,0,0,Normal
0,udp,other,SF,293,0,0,0,0,349,150,0,0.01,0,0,0.21,0.79,0.51,57,38,0.4,0.6,0.87,0.39,0,0.03,0,0,Normal
0,tcp,http,OTH,409,0,0,0,0,145,124,0,0,0,0,0.5,0.5,0.41,50,64,0.7,0.3,0.03,0.45,0,0,0,0,Normal
0,icmp,eco_i,SF,60,0,0,0,0,52987,52440,0,0,0,0,0.99,0.01,0,52,52,1,0,0.98,0,0,0,0,0,Normal
0,tcp,http,OTH,1514,0,0,0,0,9,110,0,0,0,0,1,0,0.92,6,63,1,0,0.09,0.9,0,0,0,0,Normal
0,tcp,private,OTH,162,0,0,0,0,1,1,0,0,0,0,1,0,0,0,0,0,0,0,0,0,0,0,0,Normal
0,icmp,eco_i,SF,60,0,0,0,0,57191,56588,0,0,0,0,0.99,0.01,0,49,49,1,0,0.98,0,0,0,0,0,Normal
0,icmp,eco_i,SF,60,0,0,0,0,11684,11302,0,0,0,0,0.97,0.03,0,53,53,1,0,0.98,0,0,0,0,0,Normal
0,icmp,eco_i,SF,60,0,0,0,0,24059,23425,0,0,0,0,0.97,0.03,0,52,52,1,0,0.98,0,0,0,0,0,Normal
0,tcp,http,OTH,456,0,0,0,0,178,228,0,0,0,0,0.83,0.17,0.35,59,82,0.81,0.19,0.04,0.41,0,0,0,0,Normal
0,icmp,ecr_i,SF,42,0,0,0,0,0,14822,0,0,0,0,0,0,1,0,47,0,0,0.98,1,0,0,0,0,Normal
0,tcp,other,S1,74,0,0,0,0,0,221,0,0.08,0,0,0,0,1,0,80,0,0,0.81,1,0,0.21,0,0,Normal
0,tcp,other,OTH,66,0,0,0,0,26,91,0,0,0,0,1,0,0.71,21,65,1,0,0.41,0.68,0,0,0,0,Normal
0,tcp,private,OTH,66,0,0,0,0,250,16,0,0,0,0,0.03,0.97,0.56,58,4,0.05,0.95,0.6,0.25,0,0,0,0,Normal
0,tcp,other,OTH,66,0,0,0,0,231,306,0,0,0,0,0.76,0.24,0.43,55,82,0.89,0.11,0.01,0.4,0,0,0,0,Normal
0,tcp,other,OTH,66,0,0,0,0,110,92,0,0,0,0,0.49,0.51,0.41,58,43,0.43,0.57,0.14,0.42,0,0,0,0,Normal
0,icmp,ecr_i,SF,42,0,0,0,0,0,12910,0,0,0,0,0,0,1,0,46,0,0,0.98,1,0,0,0,0,Normal
0,tcp,http,OTH,290,0,0,0,0,67,250,0,0,0,0,1,0,0.73,33,89,1,0,0.39,0.63,0,0,0,0,Normal
0,tcp,http,OTH,456,0,0,0,0,741,1131,0,0,0,0,0.78,0.22,0.49,38,70,0.76,0.24,0.01,0.59,0,0,0,0,Normal
0,tcp,private,OTH,66,0,0,0,0,8,1,0,0,0,0,0.12,0.88,0,8,1,0.12,0.88,0,0,0,0,0,0,Normal
0,tcp,http,OTH,409,0,0,0,0,234,243,0,0,0,0,0.6,0.4,0.42,55,33,0.42,0.58,0.06,0.3,0,0,0,0,Normal
0,tcp,other,OTH,66,0,0,0,0,173,164,0,0,0,0,0.56,0.44,0.41,59,49,0.49,0.51,0,0.41,0,0,0,0,Normal
0,tcp,other,OTH,78,0,0,0,0,11,129,0,0,0,0,1,0,0.91,7,48,1,0,0.14,0.85,0,0,0,0,Normal
0,tcp,other,OTH,66,0,0,0,0,183,211,0,0,0,0,0.63,0.37,0.45,52,64,0.6,0.4,0,0.52,0,0,0,0,Normal
0,tcp,other,OTH,66,0,0,0,0,0,0,0,0,0,0,0,0,0,0,0,0,0,0,0,0,0,0,0,Normal
0,tcp,http,OTH,290,0,0,0,0,92,388,0,0,0,0,1,0,0.76,37,94,1,0,0.4,0.61,0,0,0,0,Normal
0,tcp,other,OTH,66,0,0,0,0,1,46,0,0,0,0,1,0,0.98,1,27,1,0,0.36,0.96,0,0,0,0,Normal
0,tcp,other,OTH,101,0,0,0,0,54,129,0,0,0,0,0.8,0.2,0.67,34,81,0.85,0.15,0.35,0.64,0,0,0,0,Normal
0,tcp,other,OTH,66,0,0,0,0,632,902,0,0,0,0,0.86,0.14,0.4,53,81,0.85,0.15,0.04,0.44,0,0,0,0,Normal
0,tcp,private,OTH,60,0,0,0,0,51,17,0,0,0,0,0.29,0.71,0.12,46,17,0.33,0.67,0.56,0.12,0,0,0,0,Normal
0,tcp,http,OTH,456,0,0,0,0,165,191,0,0,0,0,0.72,0.28,0.38,55,58,0.65,0.35,0.03,0.38,0,0,0,0,Normal
0,tcp,http,OTH,290,0,0,0,0,60,175,0,0,0,0,1,0,0.66,8,42,1,0,0.33,0.81,0,0,0,0,Normal
0,tcp,http,OTH,456,0,0,0,0,65,73,0,0,0,0,0.74,0.26,0.34,56,72,0.84,0.16,0.04,0.35,0,0,0,0,Normal
0,tcp,other,OTH,830,0,0,0,0,178,75,0,0,0,0,0.2,0.8,0.52,52,33,0.27,0.73,0.06,0.58,0,0,0,0,Normal
0,tcp,other,S1,74,0,0,0,0,0,250,0,0.03,0,0,0,0,1,0,55,0,0,0.84,1,0,0.15,0,0,Normal
0,icmp,ecr_i,SF,42,0,0,0,0,0,24027,0,0,0,0,0,0,1,0,48,0,0,0.98,1,0,0,0,0,Normal
0,tcp,private,OTH,60,0,0,0,0,89,31,0,0,0,0,0.33,0.67,0.06,38,16,0.42,0.58,0.94,0,0,0,0,0,Normal
0,icmp,eco_i,SF,60,0,0,0,0,53234,52511,0,0,0,0,0.99,0.01,0,47,47,1,0,0.98,0,0,0,0,0,Normal
0,tcp,other,OTH,66,0,0,0,0,30,93,0,0,0,0,1,0,0.68,16,59,1,0,0.43,0.73,0,0,0,0,Normal
0,tcp,other,OTH,464,0,0,0,0,249,110,0,0,0,0,0.1,0.9,0.76,55,17,0.13,0.87,0.17,0.59,0,0,0,0,Normal
0,tcp,http,OTH,336,0,0,0,0,27,100,0,0,0,0,1,0,0.73,21,61,1,0,0.52,0.66,0,0,0,0,Normal
0,tcp,other,OTH,101,0,0,0,0,4,22,0,0,0,0,1,0,0.82,4,22,1,0,0.17,0.82,0,0,0,0,Normal
0,icmp,ecr_i,SF,42,0,0,0,0,0,48812,0,0,0,0,0,0,1,0,50,0,0,0.98,1,0,0,0,0,Normal
0,tcp,other,OTH,66,0,0,0,0,68,53,0,0,0,0,0.47,0.53,0.4,54,45,0.52,0.48,0.07,0.38,0,0,0,0,Normal
0,tcp,other,OTH,1514,0,0,0,0,98,256,0,0,0,0,0.77,0.23,0.71,33,71,0.73,0.27,0.33,0.66,0,0,0,0,Normal
0,tcp,http,OTH,290,0,0,0,0,49,186,0,0,0,0,1,0,0.74,13,68,1,0,0.3,0.81,0,0,0,0,Normal
0,tcp,other,OTH,66,0,0,0,0,16,38,0,0,0,0,1,0,0.58,16,38,1,0,0.41,0.58,0,0,0,0,Normal
0,tcp,http,OTH,290,0,0,0,0,45,222,0,0,0,0,1,0,0.8,16,73,1,0,0.41,0.78,0,0,0,0,Normal
0,tcp,other,OTH,66,0,0,0,0,11,175,0,0,0,0,1,0,0.94,3,83,1,0,0.32,0.96,0,0,0,0,Normal
0,tcp,other,OTH,66,0,0,0,0,254,314,0,0,0,0,0.76,0.24,0.38,63,83,0.86,0.14,0.04,0.35,0,0,0,0,Normal
0,tcp,other,OTH,66,0,0,0,0,96,427,0,0,0,0,1,0,0.78,18,71,1,0,0.4,0.75,0,0,0,0,Normal
0,tcp,other,OTH,1474,0,0,0,0,303,154,0,0,0,0,0.23,0.77,0.55,58,28,0.26,0.74,0.52,0.46,0,0,0,0,Normal
0,icmp,oth_i,SF,3540,0,0,0,0,277,3,0,0,0,0,0.01,0.99,0,25,3,0.12,0.88,0.75,0,0,0,0,0,Normal
0,tcp,http,OTH,456,0,0,0,0,159,208,0,0,0,0,0.84,0.16,0.36,58,70,0.76,0.24,0,0.37,0,0,0,0,Normal
0,udp,other,SF,5187,2851,0,0,0,1,209,1,0.01,0,0,1,0,1,1,57,1,0,0.69,0.98,1,0.04,0,0,Normal
0,tcp,other,OTH,1514,0,0,0,0,335,207,0,0,0,0,0.25,0.75,0.6,15,10,0.67,0.33,0.91,0,0,0,0,0,Normal
0,tcp,other,OTH,66,0,0,0,0,211,206,0,0,0,0,0.56,0.44,0.42,47,28,0.36,0.64,0.03,0.39,0,0,0,0,Normal
0,tcp,http,OTH,456,0,0,0,0,96,118,0,0,0,0,0.77,0.23,0.37,62,89,0.9,0.1,0.04,0.37,0,0,0,0,Normal
0,tcp,other,OTH,192,0,0,0,0,2,22,0,0,0,0,1,0,0.91,2,14,1,0,0.53,0.86,0,0,0,0,Normal
0,icmp,ecr_i,SF,42,0,0,0,0,0,17273,0,0,0,0,0,0,1,0,50,0,0,0.98,1,0,0,0,0,Normal
0,udp,other,SF,1515,1465,0,0,0,251,292,0,0,0,0,0.55,0.45,0.53,47,78,0.7,0.3,0.68,0.58,0,0,0,0,Normal
0,udp,other,SF,71,0,0,0,0,194,100,0,0.03,0,0,0.24,0.76,0.53,56,42,0.39,0.61,0.67,0.48,0,0.07,0,0,Normal
0,tcp,other,OTH,66,0,0,0,0,460,620,0,0,0,0,0.76,0.24,0.44,48,59,0.65,0.35,0,0.47,0,0,0,0,Normal
0,tcp,other,RSTO,330,74,0,0,0,0,351,0,0,0,0,0,0,1,0,60,0,0,0.95,1,0,0,0,0,Normal
0,tcp,http,OTH,290,0,0,0,0,17,59,0,0,0,0,1,0,0.71,7,34,1,0,0.37,0.79,0,0,0,0,Normal
0,tcp,http,OTH,292,0,0,0,0,17,62,0,0,0,0,1,0,0.73,14,55,1,0,0.45,0.75,0,0,0,0,Normal
0,tcp,other,OTH,1514,0,0,0,0,68,102,0,0,0,0,0.5,0.5,0.67,25,41,0.68,0.32,0.4,0.59,0,0,0,0,Normal
0,tcp,other,OTH,66,0,0,0,0,182,237,0,0,0,0,0.81,0.19,0.38,63,90,0.92,0.08,0,0.36,0,0,0,0,Normal
0,tcp,other,OTH,66,0,0,0,0,34,123,0,0,0,0,1,0,0.72,17,58,1,0,0.32,0.71,0,0,0,0,Normal
0,tcp,other,OTH,66,0,0,0,0,19,262,0,0,0,0,0.84,0.16,0.94,13,83,1,0,0.38,0.84,0,0,0,0,Normal
0,tcp,other,OTH,66,0,0,0,0,112,163,0,0,0,0,0.79,0.21,0.45,52,77,0.87,0.13,0.04,0.42,0,0,0,0,Normal
0,tcp,http,OTH,290,0,0,0,0,38,105,0,0,0,0,1,0,0.64,7,19,1,0,0.35,0.63,0,0,0,0,Normal
0,tcp,other,OTH,66,0,0,0,0,53,187,0,0,0,0,1,0,0.72,20,57,1,0,0.45,0.65,0,0,0,0,Normal
0,tcp,other,OTH,96,0,0,0,0,194,173,0,0,0,0,0.43,0.57,0.52,59,44,0.42,0.58,0.84,0.43,0,0,0,0,Normal
0,tcp,private,S1,74,0,0,0,0,0,20,0,0.05,0,0,0,0,1,0,1,0,0,0.5,1,0,1,0,0,Normal
0,icmp,eco_i,SF,60,0,0,0,0,86610,85576,0,0,0,0,0.99,0.01,0,51,51,1,0,0.98,0,0,0,0,0,Normal
0,udp,domain_u,SF,122,354,0,0,0,2,2,0,0,0,0,1,0,0,2,2,1,0,0,0,0,0,0,0,Normal
0,icmp,ecr_i,SF,42,0,0,0,0,0,29326,0,0,0,0,0,0,1,0,48,0,0,0.98,1,0,0,0,0,Normal
0,udp,other,SF,1531,1533,0,0,0,0,186,0,0.04,0,0,0,0,1,0,52,0,0,0.72,1,0,0.15,0,0,Normal
0,tcp,http,OTH,290,0,0,0,0,40,168,0,0,0,0,1,0,0.76,9,61,1,0,0.39,0.85,0,0,0,0,Normal
0,tcp,http,OTH,290,0,0,0,0,49,215,0,0,0,0,1,0,0.77,22,85,1,0,0.37,0.74,0,0,0,0,Normal
0,icmp,eco_i,SF,60,0,0,0,0,5544,5203,0,0,0,0,0.94,0.06,0,50,50,1,0,0.98,0,0,0,0,0,Normal
0,tcp,other,OTH,66,0,0,0,0,263,178,0,0,0,0,0.41,0.59,0.39,53,53,0.57,0.43,0,0.43,0,0,0,0,Normal
0,tcp,other,OTH,1044,0,0,0,0,72,97,0,0,0,0,0.78,0.22,0.42,49,63,0.71,0.29,0.55,0.44,0,0,0,0,Normal
0,tcp,http,OTH,409,0,0,0,0,499,642,0,0,0,0,0.73,0.27,0.43,61,56,0.62,0.38,0,0.32,0,0,0,0,Normal
0,tcp,other,OTH,66,0,0,0,0,467,527,0,0,0,0,0.68,0.32,0.4,48,38,0.46,0.54,0,0.42,0,0,0,0,Normal
0,icmp,ecr_i,SF,42,0,0,0,0,0,14195,0,0,0,0,0,0,1,0,47,0,0,0.98,1,0,0,0,0,Normal
0,tcp,http,OTH,456,0,0,0,0,474,722,0,0,0,0,0.9,0.1,0.41,62,93,0.94,0.06,0.02,0.38,0,0,0,0,Normal
0,tcp,other,OTH,66,0,0,0,0,23,84,0,0,0,0,1,0,0.73,15,60,1,0,0.46,0.75,0,0,0,0,Normal
0,tcp,other,OTH,2043,0,0,0,0,363,290,0,0,0,0,0.3,0.7,0.62,51,37,0.29,0.71,0.29,0.59,0,0,0,0,Normal
0,tcp,other,OTH,66,0,0,0,0,7,62,0,0,0,0,1,0,0.89,4,22,1,0,0,0.82,0,0,0,0,Normal
0,udp,other,SF,6470,0,0,0,0,1,200,1,0.01,0,0,1,0,0.99,1,53,1,0,0.61,0.98,1,0.06,0,0,Normal
0,tcp,other,OTH,66,0,0,0,0,1,86,0,0,0,0,1,0,0.99,0,44,0,0,0,1,0,0,0,0,Normal
0,tcp,other,OTH,66,0,0,0,0,267,322,0,0,0,0,0.75,0.25,0.38,62,87,0.92,0.08,0,0.34,0,0,0,0,Normal
0,icmp,eco_i,SF,60,0,0,0,0,65131,64343,0,0,0,0,0.99,0.01,0,49,49,1,0,0.98,0,0,0,0,0,Normal
0,tcp,other,OTH,116,0,0,0,0,3,99,0,0,0,0,1,0,0.97,3,40,1,0,0.37,0.93,0,0,0,0,Normal
0,udp,other,SF,6762,12867,0,0,0,3,268,0,0.02,0,0,1,0,0.99,0,93,0,0,0.98,1,0,0.05,0,0,Normal
0,tcp,other,OTH,66,0,0,0,0,2,12,0,0,0,0,1,0,0.83,2,12,1,0,0.69,0.83,0,0,0,0,Normal
0,tcp,other,OTH,66,0,0,0,0,1,125,0,0,0,0,1,0,0.99,1,16,1,0,0.53,0.94,0,0,0,0,Normal
0,tcp,other,RSTO,128,74,0,0,0,0,139,0,0.03,0,0,0,0,1,0,50,0,0,0.84,1,0,0.08,0,0,Normal
0,tcp,http,OTH,290,0,0,0,0,77,322,0,0,0,0,1,0,0.76,13,73,1,0,0.35,0.82,0,0,0,0,Normal
0,tcp,other,OTH,66,0,0,0,0,43,36,0,0,0,0,0.53,0.47,0.36,43,36,0.53,0.47,0,0.36,0,0,0,0,Normal
0,tcp,other,OTH,147,0,0,0,0,133,74,0,0,0,0,0.27,0.73,0.51,56,15,0.16,0.84,0.19,0.4,0,0,0,0,Normal
0,tcp,other,OTH,117,0,0,0,0,4,146,0,0,0,0,1,0,0.97,4,32,1,0,0.12,0.88,0,0,0,0,Normal
0,tcp,other,OTH,66,0,0,0,0,446,627,0,0,0,0,0.82,0.18,0.42,61,78,0.85,0.15,0.03,0.33,0,0,0,0,Normal
0,tcp,http,OTH,592,0,0,0,0,123,711,0,0,0,0,1,0,0.83,31,85,1,0,0.47,0.64,0,0,0,0,Normal
0,tcp,other,OTH,66,0,0,0,0,832,1240,0,0,0,0,0.84,0.16,0.44,55,100,1,0,0.01,0.45,0,0,0,0,Normal
0,tcp,http,OTH,290,0,0,0,0,74,219,0,0,0,0,1,0,0.66,26,62,1,0,0.41,0.58,0,0,0,0,Normal
0,icmp,ecr_i,SF,42,0,0,0,0,0,45628,0,0,0,0,0,0,1,0,49,0,0,0.98,1,0,0,0,0,Normal
0,tcp,private,OTH,66,0,0,0,0,296,9,0,0,0,0,0.01,0.99,0.67,61,1,0,1,0,1,0,0,0,0,Normal
0,tcp,other,OTH,66,0,0,0,0,177,194,0,0,0,0,0.6,0.4,0.45,53,36,0.36,0.64,0,0.47,0,0,0,0,Normal
0,tcp,private,OTH,60,0,0,0,0,441,59,0,0,0,0,0.12,0.88,0.07,49,6,0.1,0.9,0.71,0.17,0,0,0,0,Normal
0,tcp,other,OTH,66,0,0,0,0,0,138,0,0,0,0,0,0,1,0,65,0,0,0,1,0,0,0,0,Normal
0,udp,other,SF,283,7497,0,0,0,0,262,0,0,0,0,0,0,1,0,63,0,0,0.17,1,0,0,0,0,Normal
0,tcp,other,OTH,66,0,0,0,0,1,11,0,0,0,0,1,0,0.91,1,11,1,0,0.75,0.91,0,0,0,0,Normal
0,icmp,ecr_i,SF,42,0,0,0,0,0,4433,0,0,0,0,0,0,1,0,49,0,0,0.98,1,0,0,0,0,Normal
0,tcp,other,OTH,60,0,0,0,0,301,345,0,0,0,0,0.44,0.56,0.61,50,44,0.36,0.64,0.2,0.59,0,0,0,0,Normal
0,tcp,http,OTH,613,0,0,0,0,444,516,0,0,0,0,0.7,0.3,0.4,58,95,0.97,0.03,0,0.41,0,0,0,0,Normal
0,icmp,eco_i,SF,60,0,0,0,0,20956,20423,0,0,0,0,0.97,0.03,0,51,51,1,0,0.98,0,0,0,0,0,Normal
0,icmp,ecr_i,SF,42,0,0,0,0,0,1208,0,0,0,0,0,0,1,0,49,0,0,0.98,1,0,0,0,0,Normal
0,tcp,other,OTH,66,0,0,0,0,76,56,0,0,0,0,0.46,0.54,0.38,53,54,0.62,0.38,0,0.39,0,0,0,0,Normal
0,tcp,other,OTH,66,0,0,0,0,8,100,0,0,0,0,1,0,0.92,2,30,1,0,0.06,0.93,0,0,0,0,Normal
0,tcp,other,OTH,66,0,0,0,0,410,486,0,0,0,0,0.71,0.29,0.4,58,65,0.72,0.28,0.02,0.35,0,0,0,0,Normal
0,tcp,other,OTH,101,0,0,0,0,92,91,0,0,0,0,0.61,0.39,0.38,12,7,0.17,0.83,0.25,0.71,0,0,0,0,Normal
0,tcp,other,OTH,66,0,0,0,0,308,322,0,0,0,0,0.65,0.35,0.38,62,73,0.76,0.24,0.01,0.36,0,0,0,0,Normal
0,icmp,eco_i,SF,60,0,0,0,0,9015,8505,0,0,0,0,0.94,0.06,0,53,53,1,0,0.98,0,0,0,0,0,Normal
0,tcp,other,OTH,139,0,0,0,0,316,320,0,0,0,0,0.28,0.72,0.72,46,53,0.37,0.63,0.46,0.68,0,0,0,0,Normal
0,tcp,http,OTH,456,0,0,0,0,299,406,0,0,0,0,0.79,0.21,0.42,54,85,0.89,0.11,0.06,0.44,0,0,0,0,Normal
0,tcp,other,OTH,66,0,0,0,0,12,21,0,0,0,0,0.92,0.08,0.48,12,21,0.92,0.08,0,0.48,0,0,0,0,Normal
0,tcp,other,OTH,66,0,0,0,0,311,428,0,0,0,0,0.79,0.21,0.42,51,96,0.96,0.04,0.01,0.49,0,0,0,0,Normal
0,udp,other,SF,1531,1461,0,0,0,0,257,0,0.14,0,0,0,0,1,0,95,0,0,0.94,1,0,0.36,0,0,Normal
0,icmp,ecr_i,SF,42,0,0,0,0,0,26811,0,0,0,0,0,0,1,0,48,0,0,0.98,1,0,0,0,0,Normal
0,tcp,other,OTH,66,0,0,0,0,265,306,0,0,0,0,0.67,0.33,0.42,45,64,0.73,0.27,0,0.48,0,0,0,0,Normal
0,tcp,other,OTH,66,0,0,0,0,7,133,0,0,0,0,1,0,0.95,7,89,1,0,0.46,0.92,0,0,0,0,Normal
0,tcp,http,OTH,290,0,0,0,0,213,701,0,0,0,0,1,0,0.7,20,95,1,0,0.35,0.79,0,0,0,0,Normal
0,tcp,other,OTH,1514,0,0,0,0,148,357,0,0,0,0,0.92,0.08,0.62,18,34,0.67,0.33,0.34,0.65,0,0,0,0,Normal
0,tcp,private,OTH,130,0,0,0,0,81,7,0,0,0,0,0.07,0.93,0.14,52,5,0.1,0.9,0.67,0,0,0,0,0,Normal
0,icmp,eco_i,SF,60,0,0,0,0,1902,1464,0,0,0,0,0.77,0.23,0,52,52,1,0,0.98,0,0,0,0,0,Normal
0,tcp,http,OTH,232,0,0,0,0,29,409,0,0,0,0,1,0,0.93,14,67,1,0,0.29,0.79,0,0,0,0,Normal
0,tcp,http,OTH,613,0,0,0,0,233,313,0,0,0,0,0.8,0.2,0.41,56,88,0.91,0.09,0,0.42,0,0,0,0,Normal
0,tcp,other,OTH,70,0,0,0,0,100,82,0,0,0,0,0.39,0.61,0.52,52,50,0.42,0.58,0.27,0.56,0,0,0,0,Normal
0,udp,other,SF,10719,2699,0,0,0,230,184,0,0,0,0,0.39,0.61,0.51,57,72,0.7,0.3,0,0.44,0,0,0,0,Normal
0,tcp,other,OTH,66,0,0,0,0,2,129,0,0,0,0,1,0,0.98,2,24,1,0,0,0.92,0,0,0,0,Normal
0,tcp,other,OTH,386,0,0,0,0,17,160,0,0,0,0,1,0,0.89,7,26,1,0,0.52,0.73,0,0,0,0,Normal
0,tcp,http,OTH,456,0,0,0,0,219,306,0,0,0,0,0.81,0.19,0.42,49,82,0.9,0.1,0.02,0.46,0,0,0,0,Normal
0,tcp,http,OTH,456,0,0,0,0,403,448,0,0,0,0,0.67,0.33,0.4,51,69,0.73,0.27,0.04,0.46,0,0,0,0,Normal
0,tcp,other,OTH,66,0,0,0,0,342,311,0,0,0,0,0.56,0.44,0.39,58,66,0.72,0.28,0.01,0.36,0,0,0,0,Normal
0,tcp,http,OTH,456,0,0,0,0,272,372,0,0,0,0,0.88,0.12,0.36,54,73,0.87,0.13,0.03,0.36,0,0,0,0,Normal
0,icmp,eco_i,SF,60,0,0,0,0,55169,54609,0,0,0,0,0.99,0.01,0,49,49,1,0,0.98,0,0,0,0,0,Normal
0,icmp,eco_i,SF,60,0,0,0,0,11302,10915,0,0,0,0,0.97,0.03,0,53,53,1,0,0.98,0,0,0,0,0,Normal
0,tcp,http,OTH,337,0,0,0,0,106,301,0,0,0,0,1,0,0.65,33,77,1,0,0.44,0.57,0,0,0,0,Normal
0,icmp,eco_i,SF,60,0,0,0,0,56727,55844,0,0,0,0,0.98,0.02,0,52,51,0.98,0.02,0.98,0,0,0,0,0,Normal
0,icmp,eco_i,SF,60,0,0,0,0,38653,38071,0,0,0,0,0.98,0.02,0,48,48,1,0,0.98,0,0,0,0,0,Normal
0,tcp,other,OTH,66,0,0,0,0,10,108,0,0,0,0,0.9,0.1,0.92,2,28,0.5,0.5,0.34,0.96,0,0,0,0,Normal
0,tcp,http,OTH,456,0,0,0,0,292,439,0,0,0,0,0.88,0.12,0.42,56,98,0.98,0.02,0.03,0.44,0,0,0,0,Normal
0,tcp,other,OTH,66,0,0,0,0,180,229,0,0,0,0,0.73,0.27,0.42,55,93,0.95,0.05,0,0.44,0,0,0,0,Normal
0,tcp,other,OTH,66,0,0,0,0,447,563,0,0,0,0,0.77,0.23,0.39,60,85,0.88,0.12,0.05,0.38,0,0,0,0,Normal
0,tcp,other,OTH,66,0,0,0,0,85,100,0,0,0,0,0.71,0.29,0.4,56,70,0.75,0.25,0.01,0.4,0,0,0,0,Normal
0,tcp,private,OTH,68,0,0,0,0,36,2,0,0,0,0,0.03,0.97,0.5,36,2,0.03,0.97,0.33,0.5,0,0,0,0,Normal
0,icmp,ecr_i,SF,42,0,0,0,0,0,44642,0,0,0,0,0,0,1,0,49,0,0,0.98,1,0,0,0,0,Normal
0,tcp,other,OTH,66,0,0,0,0,267,296,0,0,0,0,0.63,0.37,0.43,54,88,0.87,0.13,0,0.47,0,0,0,0,Normal
0,icmp,ecr_i,SF,42,0,0,0,0,0,36918,0,0,0,0,0,0,1,0,47,0,0,0.98,1,0,0,0,0,Normal
0,tcp,other,OTH,66,0,0,0,0,41,109,0,0,0,0,1,0,0.62,26,72,1,0,0.4,0.64,0,0,0,0,Normal
0,icmp,eco_i,SF,60,0,0,0,0,57209,56473,0,0,0,0,0.99,0.01,0,50,50,1,0,0.98,0,0,0,0,0,Normal
0,tcp,http,OTH,290,0,0,0,0,52,146,0,0,0,0,1,0,0.64,27,77,1,0,0.36,0.65,0,0,0,0,Normal
0,tcp,http,OTH,290,0,0,0,0,4,14,0,0,0,0,1,0,0.71,4,14,1,0,0.27,0.71,0,0,0,0,Normal
0,tcp,http,OTH,290,0,0,0,0,70,144,0,0,0,0,0.63,0.37,0.69,20,56,1,0,0.42,0.64,0,0,0,0,Normal
0,icmp,eco_i,SF,60,0,0,0,0,4381,3700,0,0,0,0,0.84,0.16,0,49,49,1,0,0.98,0,0,0,0,0,Normal
0,tcp,http,OTH,409,0,0,0,0,80,125,0,0,0,0,0.9,0.1,0.42,53,83,0.85,0.15,0,0.46,0,0,0,0,Normal
0,tcp,other,OTH,66,0,0,0,0,268,186,0,0,0,0,0.43,0.57,0.39,55,53,0.65,0.35,0,0.32,0,0,0,0,Normal
0,tcp,http,OTH,290,0,0,0,0,156,374,0,0,0,0,1,0,0.58,36,77,1,0,0.46,0.53,0,0,0,0,Normal
0,udp,other,SF,68,0,0,0,0,0,328,0,0.01,0,0,0,0,1,0,99,0,0,0.99,1,0,0,0,0,Normal
0,tcp,other,OTH,66,0,0,0,0,62,70,0,0,0,0,0.61,0.39,0.46,48,63,0.71,0.29,0,0.46,0,0,0,0,Normal
0,tcp,http,OTH,456,0,0,0,0,74,113,0,0,0,0,0.84,0.16,0.45,53,98,0.98,0.02,0,0.47,0,0,0,0,Normal
0,udp,private,SF,2588,0,0,0,0,1,26,0,0,0,0,0,1,1,1,3,0,1,0.75,1,0,0,0,0,Normal
0,tcp,other,OTH,66,0,0,0,0,30,33,0,0,0,0,0.5,0.5,0.55,30,33,0.5,0.5,0.06,0.55,0,0,0,0,Normal
0,tcp,other,OTH,66,0,0,0,0,244,271,0,0,0,0,0.66,0.34,0.41,54,52,0.59,0.41,0.08,0.38,0,0,0,0,Normal
0,tcp,other,OTH,66,0,0,0,0,153,160,0,0,0,0,0.25,0.75,0.76,37,57,0,1,0,1,0,0,0,0,Normal
0,tcp,other,OTH,116,0,0,0,0,279,197,0,0,0,0,0.35,0.65,0.51,62,35,0.29,0.71,0.47,0.49,0,0,0,0,Normal
0,icmp,ecr_i,SF,42,0,0,0,0,0,41614,0,0,0,0,0,0,1,0,49,0,0,0.98,1,0,0,0,0,Normal
0,tcp,other,OTH,66,0,0,0,0,387,568,0,0,0,0,0.79,0.21,0.46,51,87,0.88,0.12,0,0.48,0,0,0,0,Normal
0,tcp,other,S1,264,74,0,0,0,0,334,0,0.05,0,0,0,0,1,0,89,0,0,0.93,1,0,0.19,0,0,Normal
0,tcp,http,OTH,290,0,0,0,0,345,1077,0,0,0,0,1,0,0.68,20,91,1,0,0.39,0.78,0,0,0,0,Normal
0,tcp,other,RSTO,128,74,0,0,0,0,154,0,0,0,0,0,0,1,0,27,0,0,0.46,1,0,0,0,0,Normal
0,tcp,http,OTH,592,0,0,0,0,105,271,0,0,0,0,1,0,0.61,33,88,1,0,0.37,0.62,0,0,0,0,Normal
0,icmp,ecr_i,SF,42,0,0,0,0,0,23438,0,0,0,0,0,0,1,0,51,0,0,0.98,1,0,0,0,0,Normal
0,tcp,http,SF,565,524,0,0,0,283,426,0,0,0,0,0.82,0.18,0.46,58,71,0.78,0.22,0,0.37,0,0,0,0,Normal
0,tcp,http,OTH,337,0,0,0,0,101,343,0,0,0,0,1,0,0.71,10,41,1,0,0.24,0.76,0,0,0,0,Normal
0,icmp,eco_i,SF,60,0,0,0,0,37130,36350,0,0,0,0,0.98,0.02,0,53,50,0.94,0.06,0.98,0,0,0,0,0,Normal
0,tcp,other,S1,74,0,0,0,0,0,401,0,0.05,0,0,0,0,1,0,92,0,0,0,1,0,0.21,0,0,Normal
0,tcp,other,OTH,66,0,0,0,0,85,525,0,0,0,0,1,0,0.84,24,95,1,0,0.39,0.75,0,0,0,0,Normal
0,udp,other,SF,8126,12590,0,0,0,1,180,0,0.02,0,0,1,0,0.99,1,73,1,0,0.82,0.99,0,0.05,0,0,Normal
0,tcp,http,OTH,409,0,0,0,0,128,105,0,0,0,0,0.48,0.52,0.42,50,29,0.36,0.64,0.07,0.38,0,0,0,0,Normal
0,tcp,other,OTH,66,0,0,0,0,97,89,0,0,0,0,0.54,0.46,0.42,51,63,0.71,0.29,0.05,0.43,0,0,0,0,Normal
0,icmp,eco_i,SF,60,0,0,0,0,60831,60322,0,0,0,0,0.99,0.01,0,52,52,1,0,0.98,0,0,0,0,0,Normal
0,tcp,other,OTH,66,0,0,0,0,10,251,0,0,0,0,1,0,0.96,4,49,1,0,0.68,0.92,0,0,0,0,Normal
0,tcp,other,OTH,66,0,0,0,0,23,32,0,0,0,0,0.91,0.09,0.34,23,32,0.91,0.09,0,0.34,0,0,0,0,Normal
0,tcp,http,OTH,290,0,0,0,0,45,139,0,0,0,0,1,0,0.68,20,56,1,0,0.35,0.64,0,0,0,0,Normal
0,udp,other,SF,71,0,0,0,0,248,209,0,0,0,0,0.44,0.56,0.48,62,55,0.52,0.48,0.71,0.42,0,0.02,0,0,Normal
0,tcp,http,OTH,456,0,0,0,0,71,80,0,0,0,0,0.73,0.27,0.35,57,74,0.81,0.19,0,0.38,0,0,0,0,Normal
0,icmp,eco_i,SF,60,0,0,0,0,9870,9378,0,0,0,0,0.95,0.05,0,52,52,1,0,0.98,0,0,0,0,0,Normal
0,icmp,eco_i,SF,60,0,0,0,0,23750,23116,0,0,0,0,0.97,0.03,0,51,51,1,0,0.98,0,0,0,0,0,Normal
0,tcp,other,OTH,66,0,0,0,0,0,0,0,0,0,0,0,0,0,0,0,0,0,0,0,0,0,0,0,Normal
0,tcp,private,OTH,66,0,0,0,0,207,9,0,0,0,0,0.03,0.97,0.33,56,2,0.02,0.98,0.33,0.5,0,0,0,0,Normal
0,tcp,http,OTH,54,0,0,0,0,10,456,0,0,0,0,1,0,0.98,2,83,1,0,0.4,0.98,0,0,0,0,Normal
0,icmp,ecr_i,SF,42,0,0,0,0,0,2441,0,0,0,0,0,0,1,0,50,0,0,0.98,1,0,0,0,0,Normal
0,tcp,other,OTH,66,0,0,0,0,76,206,0,0,0,0,1,0,0.63,18,48,1,0,0.37,0.62,0,0,0,0,Normal
0,icmp,ecr_i,SF,42,0,0,0,0,0,30384,0,0,0,0,0,0,1,0,46,0,0,0.98,1,0,0,0,0,Normal
0,tcp,other,OTH,66,0,0,0,0,0,46,0,0,0,0,0,0,1,0,46,0,0,0.15,1,0,0,0,0,Normal
0,tcp,other,OTH,66,0,0,0,0,361,493,0,0,0,0,0.8,0.2,0.41,53,99,1,0,0.05,0.46,0,0,0,0,Normal
0,tcp,other,OTH,242,0,0,0,0,2,32,0,0,0,0,1,0,0.94,0,6,0,0,0,1,0,0,0,0,Normal
0,tcp,other,OTH,1433,0,0,0,0,25,39,0,0,0,0,0.52,0.48,0.67,25,39,0.52,0.48,0.33,0.67,0,0,0,0,Normal
0,tcp,other,OTH,266,0,0,0,0,1,21,0,0,0,0,1,0,0.95,1,13,1,0,0.5,0.92,0,0,0,0,Normal
0,tcp,other,OTH,66,0,0,0,0,153,600,0,0,0,0,1,0,0.74,7,72,1,0,0.33,0.9,0,0,0,0,Normal
0,tcp,other,OTH,1172,0,0,0,0,95,279,0,0,0,0,1,0,0.66,44,70,1,0,0.62,0.37,0,0,0,0,Normal
0,tcp,other,S1,74,0,0,0,0,1,761,0,0.01,0,0,1,0,1,1,95,1,0,0.92,0.99,0,0.07,0,0,Normal
0,tcp,other,OTH,66,0,0,0,0,140,400,0,0,0,0,1,0,0.65,37,96,1,0,0.49,0.61,0,0,0,0,Normal
0,tcp,http,OTH,338,0,0,0,0,46,154,0,0,0,0,1,0,0.7,26,68,1,0,0.43,0.62,0,0,0,0,Normal
0,tcp,other,OTH,66,0,0,0,0,24,352,0,0,0,0,1,0,0.93,16,96,1,0,0.47,0.83,0,0,0,0,Normal
0,tcp,other,OTH,120,0,0,0,0,326,201,0,0,0,0,0.27,0.73,0.56,60,25,0.25,0.75,0.54,0.4,0,0,0,0,Normal
0,udp,other,SF,2588,0,0,0,0,0,228,0,0.05,0,0,0,0,1,0,93,0,0,0.9,1,0,0.13,0,0,Normal
0,tcp,http,OTH,232,0,0,0,0,17,454,0,0,0,0,1,0,0.96,6,99,1,0,0.46,0.94,0,0,0,0,Normal
0,tcp,other,OTH,1514,0,0,0,0,115,93,0,0,0,0,0.29,0.71,0.65,35,9,0.2,0.8,0.7,0.22,0,0,0,0,Normal
0,tcp,other,OTH,66,0,0,0,0,6,69,0,0,0,0,1,0,0.91,6,55,1,0,0.43,0.89,0,0,0,0,Normal
0,tcp,other,OTH,263,0,0,0,0,7,27,0,0,0,0,1,0,0.74,7,27,1,0,0.79,0.74,0,0,0,0,Normal
0,tcp,private,OTH,60,0,0,0,0,294,42,0,0,0,0,0.11,0.89,0.24,51,2,0.02,0.98,0.33,0.5,0,0,0,0,Normal
0,udp,other,SF,3882,0,0,0,0,2,153,0,0.01,0,0,1,0,0.99,1,19,1,0,0.55,0.95,0,0.05,0,0,Normal
0,tcp,http,OTH,456,0,0,0,0,70,91,0,0,0,0,0.71,0.29,0.45,47,68,0.77,0.23,0.03,0.47,0,0,0,0,Normal
0,icmp,eco_i,SF,60,0,0,0,0,18780,18275,0,0,0,0,0.97,0.03,0,51,51,1,0,0.98,0,0,0,0,0,Normal
0,tcp,other,OTH,66,0,0,0,0,9,7,0,0,0,0,0.44,0.56,0.43,9,7,0.44,0.56,0,0.43,0,0,0,0,Normal
0,icmp,eco_i,SF,60,0,0,0,0,48386,47496,0,0,0,0,0.98,0.02,0,49,49,1,0,0.98,0,0,0,0,0,Normal
0,tcp,other,OTH,96,0,0,0,0,41,28,0,0,0,0,0.37,0.63,0.46,41,28,0.37,0.63,0.66,0.46,0,0,0,0,Normal
0,icmp,ecr_i,SF,42,0,0,0,0,0,2927,0,0,0,0,0,0,1,0,50,0,0,0.98,1,0,0,0,0,Normal
0,tcp,http,OTH,290,0,0,0,0,40,165,0,0,0,0,1,0,0.76,24,68,1,0,0.35,0.65,0,0,0,0,Normal
0,tcp,http,OTH,232,0,0,0,0,7,82,0,0,0,0,1,0,0.91,7,57,1,0,0.38,0.88,0,0,0,0,Normal
0,tcp,other,OTH,66,0,0,0,0,0,5,0,0,0,0,0,0,1,0,5,0,0,0,1,0,0,0,0,Normal
0,icmp,ecr_i,SF,42,0,0,0,0,0,53361,0,0,0,0,0,0,1,0,49,0,0,0.98,1,0,0,0,0,Normal
0,tcp,other,OTH,442,0,0,0,0,33,45,0,0,0,0,1,0,0.27,33,45,1,0,0.72,0.27,0,0,0,0,Normal
0,tcp,other,OTH,66,0,0,0,0,229,222,0,0,0,0,0.59,0.41,0.39,63,73,0.76,0.24,0.01,0.34,0,0,0,0,Normal
0,tcp,other,OTH,66,0,0,0,0,2,103,0,0,0,0,1,0,0.98,0,47,0,0,0,1,0,0,0,0,Normal
0,tcp,other,OTH,517,0,0,0,0,1,28,0,0,0,0,1,0,0.96,1,27,1,0,0.04,0.96,0,0,0,0,Normal
0,tcp,other,RSTO,330,74,0,0,0,0,208,0,0.01,0,0,0,0,1,0,61,0,0,0.79,1,0,0.03,0,0,Normal
0,tcp,other,OTH,66,0,0,0,0,648,970,0,0,0,0,0.87,0.13,0.42,52,89,0.9,0.1,0,0.47,0,0,0,0,Normal
0,tcp,other,OTH,66,0,0,0,0,3,19,0,0,0,0,1,0,0.84,3,19,1,0,0.35,0.84,0,0,0,0,Normal
0,udp,other,SF,5506,4418,0,0,0,0,162,0,0.03,0,0,0,0,1,0,75,0,0,0.92,1,0,0.07,0,0,Normal
0,icmp,eco_i,SF,60,0,0,0,0,24280,23652,0,0,0,0,0.97,0.03,0,48,48,1,0,0.98,0,0,0,0,0,Normal
0,tcp,other,OTH,66,0,0,0,0,54,148,0,0,0,0,1,0,0.64,43,89,1,0,0.48,0.52,0,0,0,0,Normal
0,udp,other,SF,742,0,0,0,0,0,131,0,0,0,0,0,0,1,0,41,0,0,0.52,1,0,0,0,0,Normal
0,tcp,other,OTH,66,0,0,0,0,205,249,0,0,0,0,0.72,0.28,0.41,61,62,0.64,0.36,0.03,0.37,0,0,0,0,Normal
0,tcp,http,OTH,290,0,0,0,0,57,179,0,0,0,0,1,0,0.68,17,72,1,0,0.37,0.76,0,0,0,0,Normal
0,icmp,eco_i,SF,60,0,0,0,0,50404,49684,0,0,0,0,0.99,0.01,0,49,49,1,0,0.98,0,0,0,0,0,Normal
0,udp,other,SF,628,687,0,0,0,328,279,0,0.02,0,0,0.36,0.64,0.58,47,66,0.53,0.47,0.69,0.62,0,0.08,0,0,Normal
0,tcp,private,OTH,86,0,0,0,0,279,24,0,0,0,0,0.07,0.93,0.21,64,7,0.09,0.91,0.25,0.14,0,0,0,0,Normal
0,icmp,ecr_i,SF,42,0,0,0,0,0,59691,0,0,0,0,0,0,1,0,46,0,0,0.98,1,0,0,0,0,Normal
0,tcp,http,OTH,456,0,0,0,0,357,408,0,0,0,0,0.71,0.29,0.38,54,71,0.81,0.19,0,0.38,0,0,0,0,Normal
0,tcp,http,OTH,290,0,0,0,0,6,46,0,0,0,0,1,0,0.87,6,46,1,0,0.38,0.87,0,0,0,0,Normal
0,icmp,eco_i,SF,60,0,0,0,0,85541,84670,0,0,0,0,0.99,0.01,0,52,52,1,0,0.98,0,0,0,0,0,Normal
0,icmp,ecr_i,SF,42,0,0,0,0,0,25786,0,0,0,0,0,0,1,0,45,0,0,0.98,1,0,0,0,0,Normal
0,tcp,other,OTH,66,0,0,0,0,140,519,0,0,0,0,1,0,0.73,32,82,1,0,0.39,0.61,0,0,0,0,Normal
0,tcp,other,OTH,66,0,0,0,0,115,323,0,0,0,0,1,0,0.64,23,85,1,0,0.43,0.73,0,0,0,0,Normal
0,icmp,eco_i,SF,60,0,0,0,0,60179,59512,0,0,0,0,0.99,0.01,0,50,50,1,0,0.98,0,0,0,0,0,Normal
0,tcp,http,OTH,290,0,0,0,0,65,267,0,0,0,0,1,0,0.76,35,88,1,0,0.39,0.6,0,0,0,0,Normal
0,tcp,other,OTH,66,0,0,0,0,41,120,0,0,0,0,1,0,0.66,8,32,1,0,0.36,0.75,0,0,0,0,Normal
0,tcp,other,OTH,66,0,0,0,0,4,107,0,0,0,0,1,0,0.96,2,50,1,0,0,0.96,0,0,0,0,Normal
0,tcp,http,OTH,593,0,0,0,0,48,144,0,0,0,0,1,0,0.67,38,94,1,0,0.42,0.6,0,0,0,0,Normal
0,tcp,other,OTH,66,0,0,0,0,16,101,0,0,0,0,1,0,0.84,0,18,0,0,0.16,1,0,0,0,0,Normal
0,tcp,other,OTH,1514,0,0,0,0,84,132,0,0,0,0,0.93,0.07,0.41,35,61,0.83,0.17,0.47,0.52,0,0,0,0,Normal
0,tcp,other,OTH,66,0,0,0,0,237,119,0,0,0,0,0.26,0.74,0.48,56,23,0.21,0.79,0.08,0.48,0,0,0,0,Normal
0,tcp,other,OTH,66,0,0,0,0,3,139,0,0,0,0,1,0,0.98,1,16,1,0,0,0.94,0,0,0,0,Normal
0,tcp,other,S1,74,0,0,0,0,0,305,0,0.09,0,0,0,0,1,0,96,0,0,0.96,1,0,0.24,0,0,Normal
0,tcp,other,OTH,66,0,0,0,0,104,113,0,0,0,0,0.65,0.35,0.4,52,62,0.67,0.33,0,0.44,0,0,0,0,Normal
0,tcp,other,OTH,66,0,0,0,0,0,21,0,0,0,0,0,0,1,0,12,0,0,0.31,1,0,0,0,0,Normal
0,tcp,http,OTH,290,0,0,0,0,113,459,0,0,0,0,1,0,0.75,24,82,1,0,0.45,0.71,0,0,0,0,Normal
0,tcp,http,OTH,456,0,0,0,0,171,158,0,0,0,0,0.57,0.43,0.39,61,69,0.72,0.28,0.03,0.36,0,0,0,0,Normal
0,icmp,ecr_i,SF,42,0,0,0,0,0,51580,0,0,0,0,0,0,1,0,50,0,0,0.98,1,0,0,0,0,Normal
0,tcp,http,OTH,456,0,0,0,0,56,88,0,0,0,0,0.89,0.11,0.43,54,85,0.89,0.11,0.02,0.44,0,0,0,0,Normal
0,udp,other,SF,6833,13069,0,0,0,0,140,0,0.01,0,0,0,0,1,0,50,0,0,0.69,1,0,0.02,0,0,Normal
0,tcp,other,OTH,66,0,0,0,0,115,111,0,0,0,0,0.56,0.44,0.42,54,73,0.72,0.28,0.01,0.47,0,0,0,0,Normal
0,tcp,other,OTH,66,0,0,0,0,0,145,0,0,0,0,0,0,1,0,57,0,0,0,1,0,0,0,0,Normal
0,tcp,other,OTH,66,0,0,0,0,27,69,0,0,0,0,1,0,0.61,17,45,1,0,0.37,0.62,0,0,0,0,Normal
0,tcp,other,OTH,66,0,0,0,0,48,59,0,0,0,0,0.73,0.27,0.41,48,59,0.73,0.27,0,0.41,0,0,0,0,Normal
0,udp,other,SF,2983,1812,0,0,0,0,207,0,0,0,0,0,0,1,0,56,0,0,0.68,1,0,0,0,0,Normal
0,tcp,other,OTH,1514,0,0,0,0,116,267,0,0,0,0,1,0,0.57,26,50,1,0,0.51,0.48,0,0,0,0,Normal
0,tcp,other,OTH,66,0,0,0,0,109,295,0,0,0,0,1,0,0.63,17,69,1,0,0.27,0.75,0,0,0,0,Normal
0,udp,other,SF,2044,255,0,0,0,264,227,0,0.01,0,0,0.38,0.62,0.56,48,69,0.58,0.42,0.9,0.59,0,0.04,0,0,Normal
0,tcp,other,OTH,66,0,0,0,0,336,388,0,0,0,0,0.43,0.57,0.63,49,60,0.51,0.49,0.15,0.58,0,0,0,0,Normal
0,icmp,ecr_i,SF,42,0,0,0,0,0,76317,0,0,0,0,0,0,1,0,49,0,0,0.98,1,0,0,0,0,Normal
0,tcp,other,OTH,60,0,0,0,0,40,72,0,0,0,0,0.62,0.38,0.65,40,72,0.62,0.38,0.25,0.65,0,0,0,0,Normal
0,tcp,other,OTH,66,0,0,0,0,222,213,0,0,0,0,0.56,0.44,0.41,54,49,0.56,0.44,0,0.39,0,0,0,0,Normal
0,tcp,http,OTH,290,0,0,0,0,90,234,0,0,0,0,1,0,0.62,21,58,1,0,0.39,0.64,0,0,0,0,Normal
0,tcp,private,OTH,60,0,0,0,0,227,51,0,0,0,0,0.2,0.8,0.1,51,13,0.24,0.76,0.64,0.08,0,0,0,0,Normal
0,tcp,http,OTH,336,0,0,0,0,11,74,0,0,0,0,1,0,0.85,11,48,1,0,0.35,0.77,0,0,0,0,Normal
0,icmp,eco_i,SF,60,0,0,0,0,4520,3989,0,0,0,0,0.88,0.12,0,52,52,1,0,0.98,0,0,0,0,0,Normal
0,tcp,http,OTH,232,0,0,0,0,5,220,0,0,0,0,1,0,0.98,2,64,1,0,0.42,0.97,0,0,0,0,Normal
0,icmp,ecr_i,SF,42,0,0,0,0,0,82526,0,0,0,0,0,0,1,0,45,0,0,0.98,1,0,0,0,0,Normal
0,tcp,other,OTH,274,0,0,0,0,4,98,0,0,0,0,1,0,0.96,2,35,1,0,0.06,0.94,0,0,0,0,Normal
0,tcp,other,OTH,66,0,0,0,0,115,116,0,0,0,0,0.58,0.42,0.42,55,58,0.62,0.38,0,0.41,0,0,0,0,Normal
0,tcp,private,OTH,66,0,0,0,0,130,10,0,0,0,0,0.04,0.96,0.5,60,7,0.07,0.93,0,0.43,0,0,0,0,Normal
0,udp,other,SF,1714,8998,0,0,0,0,151,0,0.03,0,0,0,0,1,0,46,0,0,0.83,1,0,0.11,0,0,Normal
0,tcp,other,S1,74,0,0,0,0,0,194,0,0.06,0,0,0,0,1,0,59,0,0,0.92,1,0,0.19,0,0,Normal
0,tcp,http,OTH,456,0,0,0,0,152,236,0,0,0,0,0.78,0.22,0.5,47,73,0.72,0.28,0,0.53,0,0,0,0,Normal
0,tcp,http,SF,598,525,0,0,0,362,485,0,0,0,0,0.8,0.2,0.4,57,60,0.68,0.32,0,0.35,0,0,0,0,Normal
0,tcp,other,OTH,66,0,0,0,0,170,142,0,0,0,0,0.33,0.67,0.61,54,21,0.2,0.8,0.23,0.48,0,0,0,0,Normal
0,tcp,other,OTH,66,0,0,0,0,11,210,0,0,0,0,0.91,0.09,0.95,10,70,0.9,0.1,0.39,0.87,0,0,0,0,Normal
0,icmp,eco_i,SF,60,0,0,0,0,19446,18840,0,0,0,0,0.97,0.03,0,52,52,1,0,0.98,0,0,0,0,0,Normal
0,tcp,other,OTH,66,0,0,0,0,71,63,0,0,0,0,0.54,0.46,0.4,49,43,0.55,0.45,0.02,0.37,0,0,0,0,Normal
0,udp,other,SF,1532,1464,0,0,0,1019,473,0,0.02,0,0,0.24,0.76,0.48,52,95,0.98,0.02,0.97,0.46,0,0.09,0,0,Normal
0,udp,other,SF,2983,1294,0,0,0,1,267,0,0.02,0,0,1,0,1,1,90,1,0,0.91,0.99,0,0.06,0,0,Normal
0,tcp,http,OTH,456,0,0,0,0,409,500,0,0,0,0,0.73,0.27,0.41,61,86,0.89,0.11,0,0.37,0,0,0,0,Normal
0,tcp,other,OTH,66,0,0,0,0,247,229,0,0,0,0,0.53,0.47,0.43,44,52,0.61,0.39,0,0.48,0,0,0,0,Normal
0,tcp,other,OTH,66,0,0,0,0,8,24,0,0,0,0,1,0,0.67,8,24,1,0,0.32,0.67,0,0,0,0,Normal
0,tcp,other,OTH,66,0,0,0,0,13,115,0,0,0,0,1,0,0.89,0,30,0,0,0.29,1,0,0,0,0,Normal
0,tcp,http,OTH,290,0,0,0,0,13,33,0,0,0,0,1,0,0.61,13,33,1,0,0.38,0.61,0,0,0,0,Normal
0,tcp,other,OTH,66,0,0,0,0,85,253,0,0,0,0,1,0,0.66,19,55,1,0,0.41,0.65,0,0,0,0,Normal
0,tcp,other,OTH,66,0,0,0,0,25,89,0,0,0,0,1,0,0.72,19,61,1,0,0.45,0.69,0,0,0,0,Normal
0,tcp,http,OTH,456,0,0,0,0,130,137,0,0,0,0,0.62,0.38,0.41,56,64,0.68,0.32,0,0.41,0,0,0,0,Normal
0,tcp,other,OTH,66,0,0,0,0,16,87,0,0,0,0,1,0,0.82,4,17,1,0,0.33,0.76,0,0,0,0,Normal
0,tcp,other,OTH,124,0,0,0,0,1,39,0,0,0,0,1,0,0.97,1,39,1,0,0.8,0.97,0,0,0,0,Normal
0,udp,other,SF,10805,2470,0,0,0,587,267,0,0,0,0,0.19,0.81,0.59,62,17,0.18,0.82,0.39,0.35,0,0,0,0,Normal
0,icmp,ecr_i,SF,42,0,0,0,0,0,1081,0,0,0,0,0,0,1,0,48,0,0,0.98,1,0,0,0,0,Normal
0,icmp,eco_i,SF,60,0,0,0,0,46508,45457,0,0,0,0,0.98,0.02,0,51,51,1,0,0.98,0,0,0,0,0,Normal
0,udp,other,SF,68,0,0,0,0,0,539,0,0.01,0,0,0,0,1,0,86,0,0,0.94,1,0,0.09,0,0,Normal
0,tcp,other,OTH,66,0,0,0,0,1,124,0,0,0,0,1,0,0.99,0,16,0,0,0,1,0,0,0,0,Normal
0,tcp,other,OTH,66,0,0,0,0,837,1328,0,0,0,0,0.94,0.06,0.41,66,93,0.92,0.08,0.03,0.34,0,0,0,0,Normal
0,tcp,other,OTH,66,0,0,0,0,432,120,0,0,0,0,0.12,0.88,0.56,59,13,0.08,0.92,0,0.62,0,0,0,0,Normal
0,tcp,http,OTH,292,0,0,0,0,34,127,0,0,0,0,1,0,0.73,14,65,1,0,0.41,0.78,0,0,0,0,Normal
0,icmp,ecr_i,SF,42,0,0,0,0,0,73356,0,0,0,0,0,0,1,0,48,0,0,0.98,1,0,0,0,0,Normal
0,tcp,private,OTH,66,0,0,0,0,325,35,0,0,0,0,0.1,0.9,0.11,47,0,0,1,0,0,0,0,0,0,Normal
0,icmp,eco_i,SF,60,0,0,0,0,62123,61312,0,0,0,0,0.99,0.01,0,51,51,1,0,0.98,0,0,0,0,0,Normal
0,tcp,other,OTH,66,0,0,0,0,21,158,0,0,0,0,1,0,0.87,0,49,0,0,0.28,1,0,0,0,0,Normal
0,tcp,http,OTH,456,0,0,0,0,85,59,0,0,0,0,0.4,0.6,0.42,57,31,0.3,0.7,0.06,0.45,0,0,0,0,Normal
0,udp,other,SF,1461,1466,0,0,0,242,340,0,0.03,0,0,0.56,0.44,0.6,47,98,1,0,0.81,0.52,0,0.1,0,0,Normal
0,tcp,other,OTH,804,0,0,0,0,97,130,0,0,0,0,0.86,0.14,0.36,38,45,0.82,0.18,0.67,0.31,0,0,0,0,Normal
0,icmp,ecr_i,SF,42,0,0,0,0,0,14706,0,0,0,0,0,0,1,0,53,0,0,0.98,1,0,0,0,0,Normal
0,tcp,other,OTH,66,0,0,0,0,2,135,0,0,0,0,1,0,0.99,0,31,0,0,0.66,1,0,0,0,0,Normal
0,udp,other,SF,68,0,0,0,0,0,499,0,0.05,0,0,0,0,1,0,97,0,0,0.96,1,0,0.07,0,0,Normal
0,tcp,other,OTH,96,0,0,0,0,317,356,0,0,0,0,0.47,0.53,0.58,50,72,0.62,0.38,0.11,0.57,0,0,0,0,Normal
0,udp,other,SF,71,0,0,0,0,292,240,0,0,0,0,0.21,0.79,0.75,54,36,0.31,0.69,0.68,0.53,0,0,0,0,Normal
0,tcp,private,OTH,66,0,0,0,0,24,25,0,0,0,0,1,0,0.04,24,25,1,0,0.92,0.04,0,0,0,0,Normal
0,tcp,other,OTH,402,0,0,0,0,0,54,0,0,0,0,0,0,1,0,54,0,0,0,1,0,0,0,0,Normal
0,udp,other,SF,68,0,0,0,0,0,195,0,0.02,0,0,0,0,1,0,69,0,0,0.94,1,0,0.06,0,0,Normal
0,tcp,other,OTH,66,0,0,0,0,259,228,0,0,0,0,0.57,0.43,0.35,56,26,0.3,0.7,0.15,0.35,0,0,0,0,Normal
0,icmp,oth_i,SF,590,0,0,0,0,400,0,0,0,0,0,0,1,0,56,0,0,1,0,0,0,0,0,0,Normal
0,tcp,other,OTH,66,0,0,0,0,141,169,0,0,0,0,0.72,0.28,0.4,59,92,0.92,0.08,0.05,0.41,0,0,0,0,Normal
0,tcp,http,OTH,456,0,0,0,0,76,43,0,0,0,0,0.37,0.63,0.35,43,14,0.26,0.74,0,0.21,0,0,0,0,Normal
0,tcp,http,OTH,456,0,0,0,0,267,341,0,0,0,0,0.76,0.24,0.4,61,61,0.62,0.38,0,0.38,0,0,0,0,Normal
0,tcp,other,OTH,66,0,0,0,0,2,64,0,0,0,0,1,0,0.97,2,40,1,0,0.41,0.95,0,0,0,0,Normal
0,tcp,other,OTH,2786,0,0,0,0,247,76,0,0,0,0,0.14,0.86,0.55,55,39,0.35,0.65,0.45,0.51,0,0,0,0,Normal
0,tcp,other,OTH,1514,0,0,0,0,60,148,0,0,0,0,0.83,0.17,0.66,25,64,1,0,0.38,0.61,0,0,0,0,Normal
0,tcp,other,OTH,66,0,0,0,0,31,216,0,0,0,0,1,0,0.86,17,85,1,0,0.45,0.8,0,0,0,0,Normal
0,tcp,other,OTH,139,0,0,0,0,48,65,0,0,0,0,0.48,0.52,0.65,44,62,0.5,0.5,0.67,0.65,0,0,0,0,Normal
0,tcp,http,OTH,409,0,0,0,0,132,172,0,0,0,0,0.79,0.21,0.4,60,89,0.9,0.1,0.04,0.39,0,0,0,0,Normal
0,tcp,http,OTH,456,0,0,0,0,206,273,0,0,0,0,0.77,0.23,0.42,55,71,0.73,0.27,0.07,0.44,0,0,0,0,Normal
0,tcp,other,OTH,60,0,0,0,0,13,32,0,0,0,0,0.92,0.08,0.62,13,32,0.92,0.08,0,0.62,0,0,0,0,Normal
0,icmp,eco_i,SF,60,0,0,0,0,68041,67458,0,0,0,0,0.99,0.01,0,54,53,0.98,0.02,0.98,0,0,0,0,0,Normal
0,tcp,other,OTH,418,0,0,0,0,2,101,0,0,0,0,1,0,0.98,1,55,1,0,0.02,0.98,0,0,0,0,Normal
0,tcp,other,OTH,66,0,0,0,0,0,44,0,0,0,0,0,0,1,0,44,0,0,0,1,0,0,0,0,Normal
0,tcp,other,OTH,1514,0,0,0,0,70,75,0,0,0,0,0.57,0.43,0.47,42,47,0.76,0.24,0.67,0.32,0,0,0,0,Normal
0,tcp,other,OTH,1514,0,0,0,0,255,256,0,0,0,0,0.43,0.57,0.57,20,25,0.8,0.2,0.62,0.36,0,0,0,0,Normal
0,icmp,eco_i,SF,60,0,0,0,0,81094,80249,0,0,0,0,0.99,0.01,0,51,51,1,0,0.98,0,0,0,0,0,Normal
0,tcp,other,OTH,66,0,0,0,0,247,291,0,0,0,0,0.71,0.29,0.4,59,86,0.88,0.12,0.01,0.4,0,0,0,0,Normal
0,tcp,other,OTH,66,0,0,0,0,0,79,0,0,0,0,0,0,1,0,2,0,0,0,1,0,0,0,0,Normal
0,tcp,http,OTH,291,0,0,0,0,12,61,0,0,0,0,1,0,0.8,6,43,1,0,0.39,0.86,0,0,0,0,Normal
0,tcp,other,OTH,66,0,0,0,0,2,135,0,0,0,0,1,0,0.99,2,98,1,0,0.26,0.98,0,0,0,0,Normal
0,tcp,http,OTH,232,0,0,0,0,14,114,0,0,0,0,0.86,0.14,0.89,3,61,1,0,0.42,0.95,0,0,0,0,Normal
0,icmp,ecr_i,SF,42,0,0,0,0,0,43679,0,0,0,0,0,0,1,0,47,0,0,0.98,1,0,0,0,0,Normal
0,icmp,eco_i,SF,60,0,0,0,0,39374,38813,0,0,0,0,0.99,0.01,0,49,49,1,0,0.98,0,0,0,0,0,Normal
